username,topic,ses
H,September 11 attacks,1
H,Cat,1
H,New York City,2
H,Jesus,2
H,Bill Gates,1
H,Islam,1
H,Cannabis (drug),78
H,"United States presidential election, 2008",1
H,Christianity,2
H,Muhammad,19
H,Canada,13
H,Global warming,1
H,Adolf Hitler,1
H Bruthzoo,Jesus,2
H Cornellier,RuneScape,1
H Cornellier,Harry Potter,3
H Debussy-Jones,World War II,2
H Hog,Wii,1
H a m m o,Harry Potter,1
H ahsan,Islam,1
H-J-Niemann,Israel,2
H-ko,50 Cent,1
H. Jonat,World War I,1
H.Chinaski,World War II,2
H.J.,George Washington,1
H.W. Clihor,God,2
H.a.mott,Albert Einstein,7
H.b.,Global warming,1
H0ck3yplaya,Global warming,1
H0mEiN,Cat,1
H0mEiN,Adolf Hitler,2
H0micidal apple,RuneScape,1
H0riz0n,God,5
H0ttamale2,United States,1
H14,South Park,2
H1523702,George W. Bush,1
H1nkles,The Beatles,3
H1nkles,George Washington,2
H20rose,India,3
H2O,Jesus,1
H2amgeneral,50 Cent,1
H2g2bob,United Kingdom,15
H2g2bob,Cat,2
H2g2bob,Scientology,3
H2g2bob,Paris Hilton,3
H2g2bob,God,2
H2g2bob,Tony Blair,8
H2g2bob,Muhammad,1
H2g2bob,George W. Bush,7
H2g2bob,Jesus,4
H2g2bob,Google,1
H2g2bob,Christianity,10
H2g2bob,Family Guy,1
H2g2bob,Global warming,5
H2g2bob,Michael Jackson,1
H3G3M0N,Jesus,1
H3ll0there,RuneScape,3
H3xx,Barack Obama,1
H3xx,Tony Blair,2
H4rk4t,Jesus,1
H4x,Harry Potter,2
H4x,Osama bin Laden,1
H4xlorkz,New York City,1
H4xx0r,Cannabis (drug),1
H5+R1A,United States,7
H6056,PlayStation 3,1
H64,George W. Bush,1
H6jyhygi,Albert Einstein,1
H7asan,Michael Jackson,8
H7asan,Jesus,1
H7asan,Muhammad,5
H8ed,Google,2
H92Bot,Paris Hilton,1
HAGGGER?,World War II,1
HAHS 25,India,5
HAIM NO1,Israel,3
HAL is not IBM,Barack Obama,1
HARRY POTTER,World War I,1
HARRZ,Osama bin Laden,1
HATERS,India,1
HATERS,Albert Einstein,1
HAW HAW,Bill Clinton,1
HBSquall,Wii,2
HBow3,Britney Spears,2
HD12-21-12,Michael Jackson,1
HD123,PlayStation 3,2
HD324,Britney Spears,10
HDCase,PlayStation 3,1
HDCase,Scientology,1
HDarke,Jesus,3
HDow,Christianity,2
HEAD...is good.,Bill Clinton,1
HERO4321,India,2
HFret,India,10
HG,Barack Obama,2
HGB,Saddam Hussein,1
HGB,India,1
HGB,The Beatles,2
HGB,Jesus,1
HGrex,United Kingdom,1
HH,Eminem,1
HHH-DX,Christianity,1
HHS SpartanBaller,Xbox 360,1
HHS.student,PlayStation 3,1
HIGH44576I,IPod,1
HINSTAMAN,Michael Jackson,3
HINSTAMAN,IPod,1
HINSTAMAN,Eminem,1
HISTA,Michael Jackson,1
HIVUK,United Kingdom,1
HIZKIAH,Israel,8
HIZKIAH,United States,2
HJ Mitchell,Tony Blair,1
HJ Mitchell,United Kingdom,1
HJ32,World War II,5
HJ32,George W. Bush,2
HJ32,United States,1
HJ32,Eminem,3
HJKeats,September 11 attacks,1
HJMC,Michael Jackson,1
HJMG,London,2
HJSH,Ronald Reagan,1
HJV,London,1
HJV,World War I,5
HJames,Harry Potter,4
HK30,Christianity,7
HKT,God,1
HKT,"United States presidential election, 2008",1
HKT,George W. Bush,1
HLGallon,World War II,15
HM211980,The Beatles,1
HMMROFDAGODS,Family Guy,1
HOUZI,Barack Obama,1
HP Man 9009,Harry Potter and the Deathly Hallows,1
HP465,PlayStation 3,3
HP465,Ronald Reagan,2
HPN,Jesus,1
HPN,Albert Einstein,1
HPS345,Harry Potter,1
HPSCHD,George W. Bush,2
HPSCHD,The Simpsons,1
HQ,PlayStation 3,79
HRDingwall,September 11 attacks,1
HRSDConsortium,Scientology,2
HResearcher,Scientology,1
HS Yuna,Harry Potter and the Deathly Hallows,2
HSL,Japan,21
HSzanto,New York City,2
HTBrooks,World War II,1
HTBrooks,United States,1
HU Pilot,United States,2
HWelles,Star Wars,3
HYC,Bill Clinton,1
HYC,Google,3
HaHa13,Harry Potter and the Deathly Hallows,2
HaHaHeHeHyHy,The Simpsons,3
HaXor15,The Simpsons,1
Haakenlid,Ronald Reagan,1
Haakon,Canada,1
Haakon,Bill Gates,5
Haakon,Michael Jackson,1
Haakon,Cat,73
Haakon,Google,3
Haakon,George W. Bush,1
Haakon,South Park,3
Haakon,RuneScape,1
Haakon,Xbox 360,51
Haakon,Osama bin Laden,2
Haakon,The Beatles,1
Haakon,PlayStation 3,2
Haakon,Wii,43
Haavardjenssen,Global warming,2
Habalushy,George W. Bush,2
Habanero-tan,IPod,1
Habap,George W. Bush,1
Habap,World War II,17
Habap,Wii,2
Habemuswikkum,George W. Bush,1
Haber,World War II,229
Haber,World War I,47
Haberstr,Israel,3
Habib Akhmed,George W. Bush,3
Habj,New York City,1
Habj,The Beatles,1
Habler 32,George W. Bush,1
Habs4ever,George W. Bush,1
Habsfannova,United States,1
Haburchalil,Bill Clinton,1
Hack-Man,IPod,1
Hackah,Scientology,1
Hackajar,Barack Obama,1
Hackazor,Xbox 360,1
Hackerssidekick,IPod,1
Hacketh,Harry Potter and the Deathly Hallows,1
Hackloon,Jesus,1
Hackser,World War II,2
Hacktavist,Adolf Hitler,1
Hackwrench,Harry Potter,2
Hackwrench,Wii,1
Hadal,New York City,9
Hadal,Jesus,27
Hadal,Islam,14
Hadal,Scientology,11
Hadal,Muhammad,5
Hadal,Barack Obama,4
Hadal,Cat,10
Hadal,God,11
Hadal,Xbox 360,1
Hadal,Eminem,6
Hadal,Global warming,9
Hadal,IPod,4
Hadal,Michael Jackson,21
Hadal,Bill Gates,15
Hadal,Israel,10
Hadal,Canada,19
Hadal,Google,2
Hadal,RuneScape,5
Hadal,PlayStation 3,2
Hadal,World War I,17
Hadal,Osama bin Laden,10
Hadal,Tony Blair,4
Hadal,South Park,1
Hadal,George W. Bush,121
Hadal,Albert Einstein,9
Hadal,Adolf Hitler,34
Hadal,Star Wars,4
Hadal,50 Cent,4
Hadal,World War II,18
Hadal,Ronald Reagan,7
Hadal,Saddam Hussein,17
Hadal,"United States presidential election, 2008",2
Hadal,Paris Hilton,5
Hadal,United Kingdom,8
Hadal,United States,35
Hadal,September 11 attacks,18
Hadal,Britney Spears,16
Hadal,Japan,18
Hadal,The Beatles,7
Hadal,Bill Clinton,14
Hadal,Harry Potter,1
Hadal,George Washington,16
Hadal,Christianity,25
Hadal,London,3
Hadal,Family Guy,1
Hadal,India,19
Haddock420,Cannabis (drug),2
Hadees,Israel,3
Hadephobia,Eminem,1
Hadertjou,RuneScape,1
Hadger,Wii,1
Hadger,Star Wars,1
Hadhada,Star Wars,2
Hadiahmed,Eminem,1
Hadibe,New York City,1
Hadigonzalez25,World War I,1
Hadigonzalez25,World War II,10
Hadj,Islam,27
Hadley,IPod,2
Hadokat,Barack Obama,1
Hadrian89,Saddam Hussein,1
Hadrian89,Muhammad,2
Hadrian89,Bill Clinton,1
Hadrian89,Scientology,1
Hadrian89,Adolf Hitler,6
Hadrian89,United States,1
Hadrian89,God,2
Hadrian89,Jesus,3
Hadrian89,Cannabis (drug),1
Hadrians,London,3
Hadrians,World War II,1
Hadseys,Jesus,2
Hadseys,The Simpsons,6
Hadseys,United States,1
Hadseys,Israel,1
Hadseys,Adolf Hitler,1
Hadseys,Harry Potter,1
Hadseys,Cat,2
Hadseys,World War II,5
Hadseys,September 11 attacks,6
HadáI,George W. Bush,1
Hadžija,World War I,12
Hadžija,New York City,1
HaeB,Tony Blair,1
HaeB,Britney Spears,1
HaeB,Osama bin Laden,2
HaeB,Barack Obama,4
HaeB,The Simpsons,1
HaeB,Ronald Reagan,1
HaeB,Muhammad,9
HaeB,George W. Bush,20
HaeB,PlayStation 3,3
HaeB,Bill Clinton,1
Haeleth,London,1
Haeleth,Albert Einstein,1
Haeleth,George W. Bush,1
Haeleth,Tony Blair,1
Haeleth,September 11 attacks,2
Haeleth,Scientology,1
Haeleth,Islam,1
Haeleth,Japan,2
Haemo,Star Wars,1
Haemo,50 Cent,1
Haemo,Albert Einstein,1
Haemo,Osama bin Laden,1
Haemo,United States,3
Haemo,Harry Potter and the Deathly Hallows,1
Haemo,September 11 attacks,90
Haemo,Cat,2
Haemo,RuneScape,6
Haemo,South Park,1
Haemo,"United States presidential election, 2008",2
Haemo,Wii,1
Haemo,Barack Obama,1
Haemo,Muhammad,3
Haemo,The Beatles,1
Haemo,New York City,1
Haemo,Google,6
Haemo,Canada,2
Haemo,Eminem,1
Haeuptling aberja,Google,1
Hafizattiqu,Muhammad,2
Haftorang,Barack Obama,2
Hagamaba,Harry Potter,14
Hagamaba,God,1
Hagedis,Osama bin Laden,1
Hager jeff,George Washington,3
Hager jeff,United States,3
Hagerman,Barack Obama,1
Hagerman,London,1
Hagerman,PlayStation 3,1
Hagerman,Cat,2
Hagerman,Adolf Hitler,2
Hagerman,Xbox 360,1
Hagerman,Harry Potter and the Deathly Hallows,1
Hagerman,Saddam Hussein,1
Hagerman,Global warming,1
Haggai.aj,Jesus,2
Hagger,Barack Obama,1
Hagi1234,Osama bin Laden,2
Hagi1234,Eminem,1
Hagie,Christianity,1
Haha uh no,50 Cent,1
Haha169,RuneScape,1
Haha169,George W. Bush,4
Haha169,Albert Einstein,1
Haha169,The Simpsons,1
Haha169,September 11 attacks,3
Haha169,Wii,2
Haha2007,Jesus,1
Haha2345dem,Cannabis (drug),2
Haha7778,IPod,1
Hahachuckles,Britney Spears,1
Hahachuckles,United States,1
Hahaefran,Japan,2
Hahaha345,Bill Gates,1
Hahaha666,United Kingdom,1
Hahaharper,Wii,2
Hahahihihoho,Islam,1
Hahaimfunny,50 Cent,1
Haham hanuka,Israel,13
Haham hanuka,George W. Bush,3
Haham hanuka,Cat,1
Haham hanuka,Japan,1
Haham hanuka,World War II,7
Haham hanuka,Paris Hilton,33
Haham hanuka,Family Guy,1
Haham hanuka,God,1
Haham hanuka,Adolf Hitler,243
Haham hanuka,Osama bin Laden,5
Haham hanuka,September 11 attacks,23
Haham hanuka,The Simpsons,2
Haham hanuka,Global warming,1
Haham hanuka,Jesus,2
Haham hanuka,United States,2
Hahathatsfunny7,Michael Jackson,1
Hahc21,Britney Spears,1
Hahnchen,Wii,5
Hahnchen,Xbox 360,6
Hahnchen,September 11 attacks,1
Hahnchen,RuneScape,2
Hai Tien,Barack Obama,1
Hai hello,Google,1
Haidbro,PlayStation 3,1
Haiduc,Saddam Hussein,4
Haiduc,Jesus,1
Haifa.92,Michael Jackson,1
Haigh21,Eminem,4
Haihe,New York City,2
Hail 1999,Britney Spears,1
HailFire,Barack Obama,1303
Hailey C. Shannon,Star Wars,1
Hailey C. Shannon,Wii,1
Hailey C. Shannon,IPod,1
Hailey C. Shannon,New York City,2
Hailtomaximus,Global warming,1
Haim Am,Saddam Hussein,2
Haipa Doragon,PlayStation 3,2
Haipa Doragon,Barack Obama,4
Haipa Doragon,Xbox 360,2
Haipa Doragon,Adolf Hitler,1
Hairchrm,Harry Potter and the Deathly Hallows,2
Hairchrm,The Simpsons,1
Hairchrm,Family Guy,1
Hairchrm,Xbox 360,1
Hairchrm,Bill Gates,1
HaireDunya,Barack Obama,1
HaireDunya,September 11 attacks,2
HaireDunya,United Kingdom,1
HaireDunya,London,1
HaireDunya,Israel,1
HaireDunya,Islam,9
HaireDunya,Osama bin Laden,1
HaireDunya,United States,2
Hairofthedog17,Michael Jackson,2
Hairouna,Islam,1
Hairy Dude,George Washington,3
Hairy Dude,George W. Bush,1
Hairy Dude,God,5
Hairy Dude,Cat,2
Hairy Dude,Albert Einstein,3
Hairy Dude,Muhammad,1
Hairy Dude,Tony Blair,2
Hairy Dude,London,3
Hairy Dude,Canada,2
Hairy Dude,World War I,4
Hairy Dude,United States,3
Hairy Dude,United Kingdom,1
Hairy Dude,PlayStation 3,5
Hairy Dude,Japan,2
Hairy Dude,The Beatles,1
Hairy Dude,Wii,1
Hairy beast,India,2
HairyPerry,Michael Jackson,1
Hairybeast92,Eminem,1
Hairybeast92,50 Cent,4
Hairymon,South Park,6
Hairymon,New York City,5
Haisook,Islam,1
Haisook,Muhammad,1
Haisthater,Saddam Hussein,1
Haisthater,United States,6
Haizum,South Park,1
Haizum,George W. Bush,1
Hajenso,Tony Blair,1
Hajhouse,Christianity,1
Hajhouse,New York City,1
Hajor,Islam,4
Hajor,Canada,3
Hajor,World War II,1
Hajor,Muhammad,6
Hajor,Adolf Hitler,2
Hajor,United States,6
Hajor,Cat,2
Hajor,George W. Bush,2
Hajor,Bill Clinton,3
Hajor,Harry Potter,1
Hakeem.gadi,Muhammad,2
Hakeemabrar,Muhammad,2
Haketem,God,3
Haku144,Eminem,1
Hakubishin,Japan,1
Hakufu Sonsaku,Star Wars,1
Hakuin,Global warming,1
Hakutou,World War II,1
Hal Raglan,Bill Clinton,14
Hal peridol,Global warming,19
HalJor,Britney Spears,1
HalJor,Wii,1
HalJor,World War II,1
HalJor,Eminem,2
Halaqah,Christianity,11
Halaqah,Jesus,14
Halaqah,Muhammad,6
Halaqah,Saddam Hussein,1
Halayman,Muhammad,1
Halbared,United Kingdom,2
Halberdier25,United States,1
Halcatalyst,Jesus,2
Halcionne,Britney Spears,2
Halcionne,United States,1
Halcyon 09,Paris Hilton,1
HaldirOLorien,Harry Potter and the Deathly Hallows,1
HaldirOLorien,"United States presidential election, 2008",3
Haldraper,Albert Einstein,1
Haldraper,Jesus,7
Haldraper,World War I,2
Haldraper,Tony Blair,3
Haldrik,Cannabis (drug),5
Haldrik,Jesus,144
HaleakalAri,Family Guy,2
Haleth,Britney Spears,1
HaleyZZ,Eminem,1
Half Blood Prine,Harry Potter and the Deathly Hallows,2
Half-Blood Auror,The Simpsons,1
Half-Blood Auror,Harry Potter,1
Half-Blood Auror,Ronald Reagan,2
HalfEnglish,Paris Hilton,1
HalfLife,Scientology,1
HalfShadow,September 11 attacks,8
HalfShadow,George Washington,1
HalfShadow,Michael Jackson,1
HalfShadow,South Park,4
HalfShadow,Wii,6
HalfShadow,Adolf Hitler,2
HalfShadow,United Kingdom,1
HalfShadow,Barack Obama,1
HalfShadow,IPod,4
HalfShadow,Eminem,1
HalfShadow,Tony Blair,2
HalfShadow,Cannabis (drug),1
HalfShadow,Britney Spears,7
HalfShadow,Bill Clinton,1
HalfShadow,The Simpsons,3
HalfShadow,Xbox 360,4
HalfShadow,RuneScape,2
HalfShadow,Harry Potter and the Deathly Hallows,2
HalfShadow,Osama bin Laden,2
HalfShadow,Harry Potter,1
HalfShadow,Japan,1
HalfShadow,New York City,2
HalfShadow,London,1
HalfShadow,Scientology,3
HalfZaireHalfScotland,London,3
Halfasgood,Family Guy,1
Halfastar,Adolf Hitler,1
Halfblue,The Simpsons,1
Halfdan,IPod,1
Halfdoggy,Star Wars,1
Halflife28,Eminem,1
Halfman13,Albert Einstein,2
Halfmonkey,Michael Jackson,2
Halgin,September 11 attacks,1
Halgin,Ronald Reagan,11
Haliano,Britney Spears,3
Halibott,World War II,2
Halibut Thyme,"United States presidential election, 2008",2
Halibut Thyme,The Simpsons,3
Halibut Thyme,George W. Bush,3
Halibutski,God,1
Halibutt,United States,1
Halibutt,World War II,12
Halibutt,London,1
Halibutt,Saddam Hussein,1
Halibutt,World War I,2
Halibutt,New York City,2
Halifax109,Paris Hilton,2
HalifaxRage,Jesus,1
Halimahbintdavid,Islam,5
Haljackey,Canada,1
Haljackey,September 11 attacks,2
Halko120,Harry Potter and the Deathly Hallows,1
Hall Monitor,Britney Spears,74
Hall Monitor,Osama bin Laden,24
Hall Monitor,PlayStation 3,2
Hall Monitor,Barack Obama,4
Hall Monitor,Tony Blair,8
Hall Monitor,Xbox 360,3
Hall Monitor,United States,1
Hall Monitor,Wii,1
Hall Monitor,Star Wars,1
Hall Monitor,World War I,1
Hall Monitor,Bill Clinton,38
Hall Monitor,Family Guy,1
Hall Monitor,George W. Bush,133
Hall Monitor,Eminem,50
Hall Monitor,Harry Potter,1
Hall Monitor,Cannabis (drug),1
Hall Monitor,Albert Einstein,9
Hall Monitor,50 Cent,92
Hall Monitor,Japan,1
Hall Monitor,George Washington,44
Hall Monitor,Bill Gates,34
Hall Monitor,Ronald Reagan,10
Hall Monitor,Paris Hilton,42
Hall Monitor,Google,1
Hall Monitor,Jesus,2
Hall Monitor,Saddam Hussein,24
Hall Monitor,Adolf Hitler,48
Hall Monitor,Michael Jackson,59
Hallerlake,Michael Jackson,1
Halliburton Shill,George W. Bush,1
Hallihalli,The Simpsons,1
Hallihg,George W. Bush,1
Hallmark,Canada,1
HallofMirrors,George W. Bush,1
Halloween2007,George W. Bush,1
Hallpriest9,Harry Potter and the Deathly Hallows,1
Hallshigh09,Britney Spears,1
Halmstad,George Washington,1
Halmstad,Star Wars,1
Halmstad,London,3
Halo,Bill Gates,1
Halo,Paris Hilton,1
Halo Freak117,George W. Bush,2
Halo Storm,Wii,1
Halo2vista,Xbox 360,1
Halo3 gleeson,Xbox 360,2
Halo3geekgeorge,Islam,1
Halo3zune,George W. Bush,1
Halo4life,Global warming,2
Halo6556,RuneScape,2
HaloXXXV,Eminem,2
HaloXXXV,50 Cent,1
Halodaemon,Harry Potter and the Deathly Hallows,2
Haloddr,Barack Obama,1
Halofan101,Jesus,1
Halofan333,Xbox 360,1
Halofan333,Family Guy,1
Halogenated,World War I,2
Halogenated,Cannabis (drug),10
Halomaste19,Osama bin Laden,1
Halon8,United Kingdom,5
Haloseventeen,Cat,1
Halpaugh,Harry Potter and the Deathly Hallows,1
Halsteadk,Harry Potter,1
Halsteadk,PlayStation 3,2
Halsteadk,Tony Blair,1
Halsteadk,Google,1
Halthecomputer,Canada,1
Haltia,Google,2
Haltiamieli,Harry Potter and the Deathly Hallows,1
Halva,Britney Spears,1
Halvermac,God,1
Halwa,Michael Jackson,2
Halzred,PlayStation 3,3
Ham,London,1
Ham,Canada,2
Ham and jelly butter,George W. Bush,3
HamHamHam,The Simpsons,1
Hamachi Nigiri,George W. Bush,6
Hamad ameri,Britney Spears,1
Hamada333,PlayStation 3,2
Hamadabello,Muhammad,2
Hamadeha,Muhammad,1
Hamadeha,Islam,1
Hamanndude,RuneScape,1
HamatoKameko,God,1
Hamburgaler,Saddam Hussein,1
HamburgerRadio,The Beatles,1
HamburgerRadio,RuneScape,1
Hamdia,Eminem,1
Hamdy,Muhammad,1
Hamdy.khalil,World War II,1
Hamedog,PlayStation 3,2
Hamedog,RuneScape,1
Hamedog,Harry Potter,7
Hamedog,George W. Bush,6
Hamedog,United States,1
Hamedog,Paris Hilton,2
Hamfo,George W. Bush,2
Hamfo,Jesus,1
Hamhurricane,IPod,1
Hamilton365,London,4
HamiltonHabs32,Scientology,1
Hamiltondaniel,PlayStation 3,1
Hamiltondaniel,Barack Obama,2
Hamiltonstone,London,1
Hamiltonstone,"United States presidential election, 2008",7
Hamish2k,IPod,5
Hamish2k,Japan,1
Hamletg,Cannabis (drug),1
Hammaad,Harry Potter,1
Hammer Raccoon,Britney Spears,3
Hammer Raccoon,India,2
Hammer Raccoon,London,1
Hammer Raccoon,Israel,2
Hammer Raccoon,United Kingdom,3
Hammer Raccoon,September 11 attacks,2
Hammer Raccoon,Osama bin Laden,1
Hammer Raccoon,Wii,4
Hammer of god,Adolf Hitler,1
Hammer15,Tony Blair,2
Hammer1980,IPod,1
Hammer1980,Cannabis (drug),3
Hammer1980,United States,1
Hammer1980,Bill Gates,1
Hammer1980,50 Cent,1
HammerHeadHuman,Eminem,1
Hammerbrodude,Harry Potter,1
Hammerby,Family Guy,1
Hammonday,Harry Potter,1
Hammydude,Google,1
Hampsteadtails,London,1
Hamster Sandwich,50 Cent,1
Hamster X,Osama bin Laden,1
Hamster07,George W. Bush,1
Hamsterlopithecus,Albert Einstein,3
Hamsterman,George Washington,3
Hamsterman,Bill Clinton,1
Hamstersanonymous,Paris Hilton,1
Hamza19,Muhammad,1
Han Kleberman,Muhammad,1
HanRyder,The Beatles,2
Hana lleyton,Japan,2
Hanako,Britney Spears,2
Hananeko,IPod,1
Hanawaln6,Star Wars,1
Hanbrook,United Kingdom,3
Hanby,George W. Bush,1
Hanchen,World War II,1
Hanchi,Adolf Hitler,2
Hancjona10,Cannabis (drug),1
HandGrenadePins,"United States presidential election, 2008",1
HandThatFeeds,World War I,1
Handface,George W. Bush,2
Handface,Muhammad,1
Handface,Bill Clinton,5
Handface,Global warming,2
Handlezone,London,1
Handmedown,RuneScape,3
Handscombmp,PlayStation 3,1
Handy 1,Bill Gates,2
Handy wall link,World War I,2
Handy2810,September 11 attacks,1
Handy2810,Global warming,3
Handymanjr,Xbox 360,1
Hangid,Xbox 360,11
Hangid,Wii,1
Hangovergoblin,George W. Bush,1
Hanii Puppy,RuneScape,1
Hanjos88,Xbox 360,2
Hank el-Bashir,The Beatles,1
Hankman328,Eminem,1
Hankwang,Harry Potter and the Deathly Hallows,2
Hankwang,Global warming,1
Hankwang,Cat,2
Hanley1029,George W. Bush,2
Hanliang,Islam,1
Hannabee,Scientology,1
Hannah1701,Harry Potter,1
Hannah375,Bill Gates,1
HannahBana,World War I,1
Hannahchurhman,London,1
Hannahgoldstein,New York City,2
Hannes Hirzel,Global warming,4
Hannes Röst,Star Wars,1
Hannibal222,PlayStation 3,1
Hannu,Cat,1
Hannu,IPod,2
Hannuman,Muhammad,3
Hanny ronny assal,Adolf Hitler,1
Hanozbs,Muhammad,16
Hans Erren,Global warming,6
Hans yulun lai,Adolf Hitler,1
Hans yulun lai,The Beatles,1
Hans404,Harry Potter and the Deathly Hallows,1
HansDrack,Bill Clinton,1
HansMair,Adolf Hitler,1
Hansamurai,George W. Bush,1
Hansamurai,Adolf Hitler,1
Hansamurai,Harry Potter,2
Hanseichbaum,Albert Einstein,3
Hanshans23,Michael Jackson,1
Hansihippi,Bill Clinton,1
Hansm77,World War I,1
Hansonc,Cat,1
Hanuman Das,Christianity,1
Hanx1234,Michael Jackson,2
Hanzindahouz,50 Cent,1
HanzoHattori,Adolf Hitler,3
HanzoHattori,Saddam Hussein,2
HanzooznaH,RuneScape,1
Hanzzibabez,Michael Jackson,1
Hao2lian,Google,2
Haohao 1221,Japan,1
Haon,Bill Gates,1
Haon,United Kingdom,1
HaploTR,Harry Potter and the Deathly Hallows,1
Happenstance,United Kingdom,1
Happenstance,Michael Jackson,1
Happenstance,Jesus,1
Happenstance,London,1
Happenstance,World War II,2
Happenstance,Harry Potter and the Deathly Hallows,1
Happenstance,Xbox 360,1
Happenstance,Ronald Reagan,1
Happenstance,God,1
Happenstance,Islam,2
Happenstance,Albert Einstein,1
Happenstance,Canada,2
Happenstance,United States,4
Happenstance,Osama bin Laden,3
Happenstance,PlayStation 3,1
Happenstance,Harry Potter,6
Happenstance,World War I,1
Happenstance,Bill Clinton,1
Happiemukmuk,Saddam Hussein,1
Happiness in a pill,Britney Spears,1
Happiness798,United Kingdom,6
Happy Evil Dude,"United States presidential election, 2008",3
Happy Mr Adrian,RuneScape,1
Happy guy of happyness,George W. Bush,1
Happy guy of happyness,Tony Blair,2
Happy-melon,Barack Obama,2
Happy-melon,PlayStation 3,1
Happy-melon,India,1
Happy-melon,United States,2
Happy-melon,Harry Potter and the Deathly Hallows,7
Happy-melon,Albert Einstein,1
Happy-melon,Michael Jackson,1
Happy-melon,Cannabis (drug),2
Happy138,Harry Potter and the Deathly Hallows,1
HappyCamper,Israel,2
HappyCamper,New York City,1
HappyCamper,Harry Potter,1
HappyCamper,Bill Gates,1
HappyCamper,Google,1
HappyCamper,Saddam Hussein,1
HappyCamper,Cannabis (drug),1
HappyCamper,Wii,1
HappyCamper,Islam,1
HappyCamper,Osama bin Laden,1
HappyCamper,Albert Einstein,1
HappyCamper,Harry Potter and the Deathly Hallows,1
HappyCamper,IPod,1
HappyCamper,George W. Bush,20
HappyCamper,Canada,1
HappyCamper,World War I,2
HappyDog,Harry Potter,6
HappyDog,United Kingdom,2
HappyDog,World War I,2
HappyDog,Adolf Hitler,1
HappyDog,Michael Jackson,2
HappyFrodo,Albert Einstein,2
HappyHarvick2962,Saddam Hussein,1
HappyInGeneral,Japan,1
HappyInGeneral,New York City,1
HappyInGeneral,Michael Jackson,2
HappyJake,Michael Jackson,2
HappyJake,September 11 attacks,2
HappyVR,Xbox 360,8
HappyVR,PlayStation 3,223
HappyVR,United States,2
HappyVR,Wii,372
Happybandit12,Harry Potter,1
Happycoincidence,Tony Blair,1
Happycool,Harry Potter,1
Happydrifter,Paris Hilton,1
Happydrifter,Saddam Hussein,1
Happyfacesrock,Harry Potter,1
Happyfrog2008,Michael Jackson,2
Happyguy49,Adolf Hitler,1
Happyguy49,World War II,1
Happyhaydn,London,2
Happyisgood,Canada,1
Happylobster,South Park,2
Happylobster,Family Guy,2
Happyme22,Osama bin Laden,1
Happyme22,Bill Clinton,25
Happyme22,Saddam Hussein,1
Happyme22,United States,25
Happyme22,Ronald Reagan,2013
Happyme22,Michael Jackson,38
Happyme22,George W. Bush,276
Happyme22,Barack Obama,66
Happyme22,Tony Blair,1
Happyme22,George Washington,10
Happyme22,United Kingdom,1
Happyme22,World War II,1
Happyme22,Jesus,2
Happyme22,Bill Gates,2
Happyme22,"United States presidential election, 2008",3
Happynoodleboycey,London,1
Happyperson2,Harry Potter,2
Happysickman,New York City,2
Happysomeone,"United States presidential election, 2008",1
Happysteve,Family Guy,1
Happywaffle,Ronald Reagan,5
Happywaffle,Michael Jackson,3
Happywaffle,Britney Spears,2
Happywaffle,World War II,7
Happywaffle,September 11 attacks,1
Happywith006,Saddam Hussein,1
Hapsala,Adolf Hitler,1
Hapsala,Michael Jackson,3
Hapsala,"United States presidential election, 2008",14
Hapsala,Barack Obama,6
Hapsiainen,Muhammad,1
Hapsiainen,Michael Jackson,1
Hapsiainen,India,1
Hapsiainen,Islam,1
Hapsiainen,Canada,1
Hapsiainen,Adolf Hitler,1
Hapsiainen,Harry Potter,1
Har D. Har Koopa,Harry Potter and the Deathly Hallows,1
Harachte,Albert Einstein,1
HaradaSanosuke,Japan,62
Harajukulover69,Paris Hilton,1
Harakashi,Global warming,1
Harakeke,Harry Potter and the Deathly Hallows,1
Harald88,Albert Einstein,18
Harambee,IPod,1
Harami2000,Harry Potter and the Deathly Hallows,1
Harami2000,Scientology,1
Harbinger of Truth,George W. Bush,1
Harbinger1991,Jesus,1
Harbinger1991,Barack Obama,1
Harblbarbl56,Japan,1
Harbourcoat,Albert Einstein,2
Hard Raspy Sci,Global warming,1
Hard Sin,Global warming,1
HardKorE,George W. Bush,3
HardRockDawg,George W. Bush,1
Hardcore Hak,Wii,1
Hardcore legend,Global warming,2
Hardcoresublime,Barack Obama,1
Harderrj,Harry Potter,1
Hardiment,PlayStation 3,2
Hardkorapfan,Eminem,1
Hardouin,New York City,1
Hardouin,Japan,1
Hardouin,World War II,1
Hardouin,London,37
Hardouin,Canada,8
Hardouin,United Kingdom,8
Hardunka,London,1
Hardy172,Xbox 360,1
Hardy202,Barack Obama,1
Hardy69,South Park,1
Hardyplants,United States,2
Hardyplants,God,2
Hardyplants,IPod,1
Hardyplants,Bill Clinton,1
Hardyplants,Jesus,22
Hardyplants,Cat,2
Hardyplants,Cannabis (drug),2
Hardytlc,Jesus,1
Harej,George Washington,14
Harej,George W. Bush,2
Harej,United States,2
Harej,London,1
Harej,Bill Gates,2
Harej,RuneScape,2
Harej,The Simpsons,6
Harej,Barack Obama,5
Harej,Global warming,1
Harej,"United States presidential election, 2008",1
Harej,Bill Clinton,2
Harej,Cat,1
Harej,Islam,2
Harej,Cannabis (drug),1
Harej,The Beatles,5
Harej,Wii,5
Harej,New York City,1
Harel,Paris Hilton,2
Harel,Michael Jackson,1
Harel,September 11 attacks,3
Haretus1,The Beatles,1
Hargon10,Adolf Hitler,4
Hargrimm,United States,2
Hargrimm,Christianity,1
Hargrimm,Bill Clinton,4
Hari,God,1
Hariharan91,PlayStation 3,2
Harikishore,World War I,1
Haripriya63,Jesus,1
HarisM,Michael Jackson,1
HarisM,Islam,2
Harisbn,Harry Potter,1
Harish,50 Cent,1
Harish,Eminem,2
Harisheldon,India,1
Harishmukundan,India,3
Harisingh,God,5
Harisnajam,Islam,2
Hariva,Tony Blair,1
Harjk,World War I,2
Harjk,"United States presidential election, 2008",1
Harjk,Ronald Reagan,2
Harkathmaker,Harry Potter,1
Harkathmaker,World War I,1
Harkell,United States,1
Harkorafan,Eminem,3
HarlaMary,Jesus,1
Harlan wilkerson,Israel,5
Harland1,World War II,2
Harland1,George Washington,4
Harland1,London,1
Harlanh001,IPod,1
Harleeharleegg,Tony Blair,1
Harlem2112,Jesus,1
Harlemmepham,Cat,1
Harlempiff,Albert Einstein,2
Harlemstreets,New York City,1
Harlequin212121,"United States presidential election, 2008",1
Harlequin212121,Harry Potter and the Deathly Hallows,2
Harlock jds,Wii,3
Harluth,RuneScape,1
Harlzman719,Michael Jackson,1
Harman Khosa,The Simpsons,1
Harman Singh Sandhu,George W. Bush,1
Harmil,September 11 attacks,11
Harmil,George Washington,1
Harmil,God,1
Harmil,World War II,1
Harmil,Scientology,2
Harmil,Star Wars,3
Harmil,Google,2
Harmlessbob,50 Cent,1
HarmonicSphere,Scientology,1
HarmonicSphere,Harry Potter,2
Harmsc12,Scientology,2
Harold12,Bill Clinton,1
HaroldPGuy,Harry Potter and the Deathly Hallows,1
Haroldandkumar,Eminem,1
HaroonAzam,Muhammad,2
Harp,World War II,1
Harp,Albert Einstein,1
Harpalus,Google,1
Harpiegirl6,Britney Spears,1
HarpooneerX,Michael Jackson,1
HarpooneerX,South Park,1
HarpooneerX,Google,2
Harprit,Muhammad,7
Harput,Israel,1
Harriet Potter,Harry Potter,1
HarrietTubman,United States,1
Harriganesh,United States,2
Harris7,September 11 attacks,3
Harris7,Christianity,2
Harris7,God,1
Harris723arris,Barack Obama,1
Harris77,Cannabis (drug),1
Harris9062,Wii,1
HarrisX,Google,1
Harrisale,The Beatles,2
Harriscat,Harry Potter and the Deathly Hallows,1
Harriseldon,Albert Einstein,1
Harriseldon,World War II,1
Harrisli89,George W. Bush,1
Harrison V,IPod,2
Harrison09,Wii,1
Harrison888,George Washington,1
Harrison90,Harry Potter and the Deathly Hallows,3
Harrison90,George W. Bush,1
Harrison90,Harry Potter,1
HarrisonB,World War I,2
HarrisonB,Barack Obama,1
HarrisonB,IPod,1
HarrisonB,Cannabis (drug),1
HarrisonDempsey,50 Cent,1
Harrisonj24,RuneScape,1
Harrisonlatour,Barack Obama,1
Harrisonmilburn,Harry Potter,4
Harro5,World War II,2
Harro5,Muhammad,1
Harro5,Osama bin Laden,6
Harro5,Bill Gates,3
Harro5,"United States presidential election, 2008",27
Harro5,Xbox 360,1
Harro5,50 Cent,77
Harro5,United States,1
Harro5,Britney Spears,1
Harro5,Ronald Reagan,1
Harro5,George W. Bush,65
Harro5,Tony Blair,3
Harro5,Bill Clinton,44
Harro5,Islam,1
Harro5,Barack Obama,46
Harro5,Adolf Hitler,2
Harro5,Eminem,2
Harro5,Paris Hilton,1
Harro5,Saddam Hussein,1
Harro5,Scientology,1
Harry (usurped),Albert Einstein,4
Harry Barrow,Barack Obama,11
Harry Duke,Global warming,2
Harry Jolly,George W. Bush,2
Harry Pothead117,Michael Jackson,4
Harry Potter and the Gold Fires,Britney Spears,1
Harry R,London,16
Harry R,World War II,1
Harry Wood,World War II,1
Harry is so cool,George W. Bush,2
Harry matthews,Harry Potter and the Deathly Hallows,2
Harry matthews,Barack Obama,1
Harry rollings,Jesus,2
Harry the Dirty Dog,50 Cent,2
Harry the Dirty Dog,Tony Blair,4
Harry weasley,50 Cent,1
Harry**,Britney Spears,1
Harry**,Paris Hilton,2
Harry-fox,Japan,1
Harry1,Harry Potter,2
Harry491,Google,5
Harry491,George W. Bush,20
Harry491,Ronald Reagan,6
Harry491,IPod,2
HarryC15,Family Guy,1
HarryCorthell95,Star Wars,1
HarryHarry,George W. Bush,1
HarryHenryGebel,50 Cent,1
HarryHenryGebel,World War I,1
HarryPPfan,Harry Potter,1
HarryPPfan,Harry Potter and the Deathly Hallows,3
HarryPotter013,Harry Potter and the Deathly Hallows,1
HarryRocks,Harry Potter,1
Harryb123,50 Cent,2
Harryberry323,Barack Obama,1
Harryboyles,God,1
Harryboyles,Britney Spears,1
Harryboyles,Scientology,1
Harryboyles,Christianity,1
Harryboyles,United States,1
Harryboyles,Harry Potter,1
Harryboyles,Osama bin Laden,1
Harryboyles,Harry Potter and the Deathly Hallows,1
Harryboyles,Canada,2
Harryboyles,George W. Bush,1
Harryboyles,IPod,4
Harryboyles,Global warming,4
Harryboyles,Bill Gates,1
Harryboyles,Ronald Reagan,5
Harryboyles,Japan,2
Harryboyles,Adolf Hitler,2
Harryboyles,World War I,2
Harryboyles,Tony Blair,1
Harryboyles,PlayStation 3,1
Harryboyles,United Kingdom,2
Harryboyles,Albert Einstein,2
Harryboyles,Wii,2
Harryboyles,Islam,1
Harryboyles,New York City,2
Harryboyles,Eminem,1
Harryboyles,Star Wars,2
Harryboyles,The Simpsons,4
Harryboyles,Israel,1
Harrybrowne1986,Global warming,1
Harrydabest,Wii,1
Harrydayhodson,Adolf Hitler,1
Harrygao,Harry Potter and the Deathly Hallows,3
Harryglancy,Google,1
Harrygorilla,Barack Obama,1
Harrykind,Harry Potter,1
Harrymph,Global warming,1
Harryonhillsofgoldwheels,Adolf Hitler,2
Harrypotter freak 07,Harry Potter and the Deathly Hallows,2
Harrypotter1234567,Harry Potter and the Deathly Hallows,1
Harrypotterhp,Harry Potter,1
Harrypotternerd182,Cat,1
Harryroger,New York City,1
Harryseaess,Adolf Hitler,3
Harryseaess,Saddam Hussein,1
Harryseaess,George W. Bush,2
Harryseaess,Britney Spears,3
Harrysheldon,United Kingdom,2
Harsh h3,PlayStation 3,1
Harsh.freewill,India,10
Harshabob,India,1
Harshil8,Harry Potter and the Deathly Hallows,1
Harshlyconvicted,Adolf Hitler,1
Harshtimes,RuneScape,2
Hartebeest,50 Cent,1
Harthacnut,World War I,4
Harthacnut,Global warming,20
Harthacnut,Star Wars,3
Harthacnut,Tony Blair,3
Harthacnut,"United States presidential election, 2008",6
Harthacnut,The Simpsons,1
Hartigan757,George W. Bush,2
Hartley Patterson,Scientology,24
Harty23690,Xbox 360,3
HartzR,Bill Gates,1
Haru24,Bill Gates,8
Haruo,United States,1
Haruyasha,Xbox 360,1
HarvardOxon,New York City,2
Harvardlaw,George W. Bush,2
Harvardy,Israel,1
Harvest day fool,India,1
Harvestboy5,RuneScape,1
Harvestdancer,George W. Bush,1
Harvestdancer,United States,1
Harvestman,"United States presidential election, 2008",1
Harvey5150,Xbox 360,1
HarveyCarter,Michael Jackson,4
HarveyHenkelmann,Adolf Hitler,1
Harveydanger26,United Kingdom,1
Harveyj,Barack Obama,1
Harveyqs,World War II,1
Harveywang,George W. Bush,1
HasNoClue,Eminem,1
Hasafienda,50 Cent,3
Hasan Zaidi,India,1
Hasanahmad,Xbox 360,2
Hasannur,IPod,1
Hasbeenhere,Harry Potter,1
Hasbro,George W. Bush,2
Hasbro88,Bill Clinton,4
Haseebsaqaf,Muhammad,2
Haseebuddin,Muhammad,1
Haseeo,Muhammad,4
Hasek is the best,Google,1
Hasek is the best,PlayStation 3,1
Hasek is the best,Wii,1
Hasek is the best,George W. Bush,1
Hasek is the best,Xbox 360,1
Hasek is the best,India,1
Haseo9999,New York City,1
Haseo9999,Xbox 360,2
Haseo9999,RuneScape,3
Haseo9999,PlayStation 3,1
Hashar,Osama bin Laden,1
Hashar,Islam,1
Hashar,United States,1
Hashar,New York City,2
Hashar,Cat,1
Hashar,Muhammad,1
Hashar,World War II,1
Hashar,Saddam Hussein,1
Hashar,The Simpsons,2
Hashar,George Washington,1
Hashar,World War I,1
Hashar,Tony Blair,1
HasharBot,Britney Spears,1
HasharBot,"United States presidential election, 2008",1
HasharBot,Canada,1
HasharBot,United States,1
HasharBot,Albert Einstein,3
HasharBot,Bill Clinton,1
HasharBot,Adolf Hitler,2
Hashhagen,Cat,1
Hashim.i.mohamed,Islam,2
Hashman28,Albert Einstein,1
"Hashmi, Usman",Barack Obama,2
"Hashmi, Usman",Paris Hilton,1
"Hashmi, Usman",Xbox 360,1
"Hashmi, Usman",Eminem,3
Hashshashin,World War I,1
Hassan Khalid,Islam,8
Hassan814182,50 Cent,4
Hasseg,The Simpsons,1
Hasseniqbal192,Islam,4
Hasslebank,Jesus,4
Hassocks5489,London,2
Hassocks5489,Cat,1
Hastyo,India,1
Hastyo,Japan,1
Hatake Kakashi,Wii,1
Hatatat,RuneScape,2
Hatch68,World War I,1
Hatch68,Bill Gates,1
Hatchy35631,Tony Blair,1
Hateless,United States,2
Hateless,Star Wars,2
Hateless,Japan,1
Hateless,Wii,1
Hatemghani,Islam,1
Hater2006,South Park,1
Hateusa11,United States,2
Hatman34,George W. Bush,1
Hatmatbbat10,Ronald Reagan,1
Hatmonkey,PlayStation 3,1
Hatramroany,Wii,1
Hatricide,50 Cent,1
Hatricide,Eminem,4
Hats1$,Ronald Reagan,20
Hatsoff,Scientology,2
Hatsoff,Jesus,3
Hatterfan,Tony Blair,1
Hatto,The Beatles,2
Hatto,Osama bin Laden,1
Hatto,Michael Jackson,2
Hatto,United Kingdom,2
Hatto0467,50 Cent,1
Hatto0467,Eminem,1
Hattrem,Michael Jackson,1
Hattusili,September 11 attacks,3
Hauberg,50 Cent,1
Haukurth,50 Cent,5
Haukurth,Harry Potter,2
Haukurth,Britney Spears,1
Haukurth,Michael Jackson,2
Haukurth,The Simpsons,1
Haukurth,Eminem,1
Haukurth,Israel,1
Haukurth,Tony Blair,3
Haukurth,Global warming,2
Haukurth,Muhammad,1
Haukurth,George W. Bush,13
Haukurth,India,1
Haukurth,Christianity,9
Haukurth,George Washington,2
Haukurth,United Kingdom,1
Haukurth,IPod,3
Haukurth,Canada,1
Haukurth,Star Wars,1
Haukurth,God,1
Haukurth,World War II,1
Haukurth,Family Guy,4
Haukurth,Saddam Hussein,1
Haukurth,Adolf Hitler,2
Haukurth,Islam,5
Haukurth,United States,2
Haukurth,RuneScape,5
Haukurth,Cat,1
Haukurth,Scientology,1
Haukurth,Jesus,3
Haukurth,Osama bin Laden,2
Haukurth,Bill Gates,1
Haunti,World War II,2
Haunti,United Kingdom,1
Haunti,London,1
Haus,World War II,1
Haus667,Scientology,1
Havardk,Michael Jackson,1
Havardk,Google,2
Havelock,Bill Clinton,1
Havelock,Google,1
Havemycake,Britney Spears,1
Havenstone,Japan,1
Haverberg,United States,4
Havermeyer,Israel,1
Haveronjones,The Simpsons,1
Havoc 8790,United States,1
Havoc Clown,Eminem,2
Havoc29,Barack Obama,1
Havok,PlayStation 3,78
Havok,Xbox 360,30
Havok,Wii,114
Havok,Google,1
Havoo g,Osama bin Laden,2
Havox112,RuneScape,2
Hawaian,London,1
Hawaiian717,United States,1
Hawaiian717,World War I,1
Hawesinsky,Barack Obama,1
Hawf wit,Tony Blair,1
Hawk08210,Saddam Hussein,3
Hawk08210,Ronald Reagan,1
Hawk123,Adolf Hitler,2
Hawk2007,Scientology,1
HawkShark,Israel,1
HawkSix6,George W. Bush,1
Hawkdude1,IPod,1
Hawkes,RuneScape,3
Hawkestone,Albert Einstein,1
Hawkestone,Tony Blair,1
Hawkestone,Jesus,1
Hawkestone,Canada,1
Hawkey131,RuneScape,1
Hawkeye356,George W. Bush,1
HawkeyeLonewolf,Barack Obama,1
Hawkhowser,Family Guy,1
Hawks9718,September 11 attacks,1
Hawkypunk,PlayStation 3,4
Hawkypunk,George W. Bush,1
Hawkypunk,Xbox 360,3
Hawkypunk,Wii,3
Hawstom,Bill Gates,3
Hawstom,Christianity,20
Hawstom,Islam,2
Hawstom,God,2
Hawstom,George Washington,1
Hawstom,Jesus,3
Hawthorn fc 2007,RuneScape,2
Haxord,Jesus,1
Haxx0r,RuneScape,1
Haya shiloh,Britney Spears,2
Haya shiloh,Muhammad,1
Haya shiloh,Google,1
Hayaaltd,Islam,1
Hayabusa future,Wii,1
Hayabusa future,World War I,1
Hayabusa future,Tony Blair,2
Hayairyu,George W. Bush,2
HayaorockS,Harry Potter,1
Hayd,Michael Jackson,2
Haydeemarinoitzel,Michael Jackson,1
Hayden murray,Osama bin Laden,2
Hayden120,Wii,1
Hayden120,London,12
Hayden120,New York City,1
Hayden120,Star Wars,1
Hayden120,Canada,27
Hayden120,Xbox 360,4
Hayden120,United Kingdom,32
Hayden120,PlayStation 3,8
Hayden120,IPod,3
Hayden43,United States,2
Hayden452,Ronald Reagan,2
Hayden5650,Adolf Hitler,4
Haydenbobs,Family Guy,1
Haydenmercer,RuneScape,1
Haydenstone2,Barack Obama,4
Haydenstone2,United States,1
Haydn,New York City,3
Haydor,Islam,2
Hayds001,Bill Clinton,1
Hayesgirl,Harry Potter and the Deathly Hallows,4
Hayfordoleary,Bill Gates,1
Hayley Howard,Britney Spears,1
Hayley2950,Bill Clinton,2
Hayman6750,Wii,1
Hayne,George W. Bush,20
Hayne,Harry Potter and the Deathly Hallows,1
Hayoungs,Canada,2
Haytnas,Wii,1
Hayvac,God,1
Hayvon,Michael Jackson,2
Hayzerthelayzer,Adolf Hitler,1
Haza-w,Bill Clinton,1
Haza-w,Tony Blair,2
Haza-w,50 Cent,2
Haza-w,September 11 attacks,1
Haza12345,Michael Jackson,1
Hazardasd,India,3
Hazardofholland,Britney Spears,1
Hazay10,Scientology,1
Hazay10,Jesus,1
Hazel Rah,Israel,1
Hazel77,Family Guy,1
Hazem 811,Muhammad,2
Hazeness,RuneScape,2
Haziq194,RuneScape,1
Hazmo1,God,2
Hazmo1,Global warming,3
Hazode,Christianity,1
Hazode,George W. Bush,1
Hazuki,Barack Obama,1
Hazuki,Michael Jackson,1
Hazydan,Saddam Hussein,1
Hazzard Thug,Christianity,1
Hazzjm,Harry Potter and the Deathly Hallows,1
Hazzlim,Star Wars,1
Hazzystan,RuneScape,1
Hbackman,Albert Einstein,1
Hbackman,Islam,4
Hbackman,The Simpsons,4
Hbalaram2,India,9
Hbdragon88,Japan,1
Hbdragon88,Osama bin Laden,4
Hbdragon88,Barack Obama,2
Hbdragon88,PlayStation 3,8
Hbdragon88,Michael Jackson,2
Hbdragon88,September 11 attacks,1
Hbent,Cannabis (drug),1
Hbk1357,Family Guy,2
Hbk8281,50 Cent,1
Hbkisasucker,Barack Obama,2
Hbkrishnan,Michael Jackson,1
Hbmarlene,World War I,1
Hbobrien,Ronald Reagan,1
Hbomb194,Canada,1
Hbomb194,George W. Bush,1
Hborockz,Family Guy,2
Hborockz,Bill Gates,1
Hborockz,The Simpsons,2
Hbuchanan,World War I,1
Hburg,Israel,1
Hburg,World War II,1
Hc5duke,Google,1
Hc5duke,Harry Potter and the Deathly Hallows,1
Hcberkowitz,Cat,3
Hcfwesker,Islam,1
Hcfwesker,Israel,1
Hcfwesker,Barack Obama,4
Hcheney,World War II,1
Hcheney,The Simpsons,1
Hcheney,World War I,1
Hcheney,Israel,1
Hcheney,Bill Clinton,2
Hcheney,United Kingdom,2
Hcheney,United States,1
Hcheney,George W. Bush,2
Hcheney,Ronald Reagan,8
Hchilibowl,Wii,2
Hchoi,IPod,1
Hchrishicks,United States,6
Hchrishicks,Canada,2
Hcijesse,World War II,1
Hcnorris,United States,1
Hcollard,Bill Gates,1
Hcs,IPod,1
Hcsron,Eminem,1
Hculbert,Christianity,1
Hcurtis,Britney Spears,1
Hd240,United Kingdom,2
Hda3ku,PlayStation 3,3
Hda3ku,Jesus,1
Hdaaap,50 Cent,1
Hdgf,Bill Gates,2
Hdoctorwho,Tony Blair,1
Hdsijhfoiuahfyusdaof,United States,3
Hdt83,Star Wars,2
Hdt83,Albert Einstein,2
Hdt83,Harry Potter and the Deathly Hallows,5
Hdt83,Muhammad,3
Hdt83,Harry Potter,1
Hdt83,Canada,4
Hdt83,Cannabis (drug),4
Hdt83,George W. Bush,2
Hdt83,"United States presidential election, 2008",1
Hdt83,Adolf Hitler,2
Hdt83,Osama bin Laden,2
Hdt83,Wii,4
Hdt83,New York City,1
Hdt83,The Beatles,1
Hdt83,World War I,1
Hdt83,United Kingdom,2
Hdt83,United States,2
Hdt83,World War II,5
Hdt83,Cat,3
Hdt83,Google,3
Hdt83,PlayStation 3,13
Hdtvinfoeu,Xbox 360,3
Hdxstunts1,Star Wars,3
He is wicked,The Beatles,3
He!ko,The Simpsons,1
HeBhagawan,Christianity,1
HeBhagawan,Jesus,1
HeBhagawan,God,2
HeBhagawan,Islam,19
HeBhagawan,India,9
HeIixblue,George W. Bush,1
HeKToOR,Paris Hilton,2
Head,Canada,1
Head,United Kingdom,1
Head,Bill Gates,1
Head,God,1
Head Banger Hippy,Michael Jackson,1
Head Banger Hippy,George W. Bush,1
Head-doctor,Google,1
Head-doctor,September 11 attacks,1
HeadBytor,George Washington,2
HeadCaptain,United States,1
Headache110,The Beatles,1
Headband10,World War II,1
Headbanger450,Paris Hilton,4
Headbanger756,United States,2
Headbeater,Tony Blair,1
Headbomb,Albert Einstein,13
Headbomb,New York City,1
Headbomb,The Beatles,1
Headbomb,Canada,1
Headbomb,Christianity,3
Headisdead,United Kingdom,2
Headlikeawhole,United States,2
Headlikeawhole,Paris Hilton,6
Headlikeawhole,Barack Obama,3
Headmess,Michael Jackson,1
Headmess,The Beatles,1
Headphones90,Tony Blair,1
Headphones90,Saddam Hussein,1
Headphones90,George W. Bush,1
Headphonos,Cat,1
Headphonos,Global warming,1
Headphonos,Adolf Hitler,2
Headphonos,World War I,1
Headphonos,Saddam Hussein,3
Headstrong 345,Paris Hilton,1
Headstrong 345,Britney Spears,2
Headstrong neiva,Britney Spears,14
Headstrong2k7,Britney Spears,3
Headwes,Jesus,4
Headwes,Britney Spears,2
Headwes,"United States presidential election, 2008",1
Heagster,The Simpsons,1
Heah,Cannabis (drug),5
Heah,Family Guy,1
Heah,Google,4
Healthinspector,World War I,2
Healthykid,Harry Potter,4
Healthykid,Cat,1
Heart Like a Wheel,United States,3
Heart2rokk,Paris Hilton,1
HeartOfGold,Wii,2
Heartagram man,50 Cent,2
Heartagram man,Bill Gates,1
Heartagram3200,World War II,1
Heartislove,Cat,1
HeartofaDog,World War II,1
HeartofaDog,Xbox 360,1
HeartofaDog,Tony Blair,1
HeartofaDog,United States,1
HeartofaDog,Albert Einstein,1
Hearts of clear lake,United States,1
Heartylunch,Albert Einstein,4
Heartylunch,United Kingdom,86
Heat3000,United States,2
Heatface,Harry Potter,3
Heatfan205,Barack Obama,1
Heatfan55,George W. Bush,2
Heather,Harry Potter,1
Heather-Grace,Harry Potter,1
Heather12,Muhammad,2
Heather1234567,Britney Spears,1
HeatherRoseF,New York City,43
HeatherRoseF,"United States presidential election, 2008",1
Heathfieldcc,World War I,1
Heathhiggins,World War II,2
Heathhunnicutt,George Washington,2
Heatsketch,Barack Obama,1
Heatsketch,Muhammad,2
"Heaven,Ali Bahrani's wife",Islam,1
Heavenlyblue,Osama bin Laden,1
Heavens To Betsy,United Kingdom,1
Heaventree of Stars,Saddam Hussein,2
Heaviestcat,United States,2
Heaviestcat,Saddam Hussein,1
Heavy1234,Family Guy,1
Heavymanplease,World War I,1
Heavymusicsmarts,Eminem,7
Heavyoak,RuneScape,3
Heavyweightchampion,Michael Jackson,2
Heaz07,Barack Obama,1
Hebrides,Bill Gates,1
Heby73,United States,1
HeckXX,Harry Potter,1
HeckXX,Eminem,2
Heckhgs,Adolf Hitler,2
Heckter18,Cannabis (drug),1
HectaSelecta,Google,3
Hector the Peruvian Antelope Who Can Speak English Fairly Well,United Kingdom,1
Hector.C.Jorge,London,1
HectorRodriguez,September 11 attacks,7
HectorRodriguez,Saddam Hussein,2
HectorRodriguez,Osama bin Laden,4
Hectorian,London,1
Hectorlf,United States,1
Hede2000,Xbox 360,1
Hede2000,Paris Hilton,1
Hedgehoglover,Scientology,2
Hedgey42,IPod,1
Hedgey42,South Park,1
Hedjohnston,Tony Blair,1
Hedpeguyuk,Wii,1
Hedpeguyuk,Harry Potter,1
Hedpeguyuk,George Washington,5
Hedpeguyuk,Bill Gates,1
Hedymiguel,Xbox 360,1
Heebiejeebieclub,Google,1
Heebiejeebieclub,September 11 attacks,1
Heechae,September 11 attacks,1
Heegoop,United States,10
Heegoop,Michael Jackson,3
Heegoop,The Beatles,1
Heegoop,The Simpsons,2
Heegoop,New York City,3
Heenan73,Islam,2
Heezy,Osama bin Laden,1
Hegades,India,4
Hegesippus,Jesus,1
Hehehedoughnuts,Harry Potter and the Deathly Hallows,2
Hehollala,George W. Bush,1
Heidijane,Family Guy,1
Heigerbeiner,Eminem,1
HeikoEvermann,Japan,1
HeikoEvermann,Canada,1
HeikoEvermann,India,2
HeikoEvermann,United States,1
HeikoEvermann,World War I,1
HeikoEvermann,World War II,1
HeikoEvermann,Osama bin Laden,1
HeikoEvermann,Christianity,2
Heil Despair,RuneScape,1
Heil Hitler2007,Israel,2
Heilemann,Star Wars,3
HeimAway,Paris Hilton,2
Heimdal,United States,6
Heimdal,United Kingdom,22
Heimstern,Bill Clinton,2
Heimstern,Albert Einstein,1
Heimstern,IPod,1
Heimstern,RuneScape,1
Heimstern,Cat,2
Heimstern,September 11 attacks,1
Heimstern,Wii,2
Heimstern,India,2
Heimstern,United Kingdom,3
Heimstern,Saddam Hussein,1
Heimstern,God,1
Heimstern,Christianity,1
Heimstern,Harry Potter and the Deathly Hallows,1
Heimstern,Cannabis (drug),2
Heimstern,World War II,1
Heimstern,Ronald Reagan,1
Heimstern,Adolf Hitler,2
Heimstern,George W. Bush,1
Heimstern,"United States presidential election, 2008",1
Heimstern,Scientology,5
Heimstern,Xbox 360,1
Heimstern,The Beatles,1
Heine,Adolf Hitler,2
Heine,George W. Bush,2
Heine,Saddam Hussein,1
Heinsmit,Harry Potter and the Deathly Hallows,2
HeirToPendragon,Barack Obama,2
HeirToPendragon,Harry Potter,3
Heisencat,United States,1
Hejsansvejsan,United States,1
Hejustlaughs,South Park,1
Hejustlaughs,The Simpsons,3
Hekerui,Muhammad,1
Hekerui,Ronald Reagan,1
Hekerui,Bill Clinton,1
Hekerui,Barack Obama,3
Hekerui,Harry Potter and the Deathly Hallows,1
Hektor,Tony Blair,1
Hektor,"United States presidential election, 2008",2
Hektor,Barack Obama,1
Hektor,Britney Spears,8
Hektor,Japan,1
Hel-ter,Cat,1
Helel,50 Cent,1
Helen howie,Saddam Hussein,1
Helen-Eva,Harry Potter and the Deathly Hallows,1
Helenalex,Barack Obama,1
HeleneSylvie,United States,1
Helga76,50 Cent,1
Helghast,RuneScape,3
Helgihg,Adolf Hitler,2
Helhowskir,PlayStation 3,1
Heli12,Google,1
Heliac,Wii,1
Heliac,Ronald Reagan,2
Helicoptor,Cat,1
Helikophis,Cat,2
Heliomance,Star Wars,1
Helios,Britney Spears,1
Helios Entity 2,Cannabis (drug),1
Helios Entity 2,Bill Gates,1
Helios solaris,United States,1
Helios13,Michael Jackson,1
Helios13,Canada,1
Helix84,United States,1
Helixblue,Osama bin Laden,1
Helixblue,World War II,2
Helixblue,United States,1
Helixblue,Barack Obama,1
Helixblue,Star Wars,1
Helixblue,George W. Bush,1
Helixblue,Bill Gates,2
Helixblue,South Park,1
Helixblue,Bill Clinton,1
Helixblue,India,1
Helixblue,Harry Potter,1
Helixblue,Ronald Reagan,1
Helixblue,Japan,1
Helixblue,Saddam Hussein,1
Helixblue,Michael Jackson,1
Hell Hound,RuneScape,1
HellDragon,Bill Gates,3
HellFyre,Eminem,1
HellGuard99,RuneScape,3
Hellboy1975,Xbox 360,1
Hellboy2hell,Bill Gates,1
Hellboy2hell,Muhammad,1
Hellcat fighter,Adolf Hitler,2
Hellcat fighter,Japan,2
Hellcat fighter,Saddam Hussein,1
Hellcat fighter,PlayStation 3,1
Hellcat fighter,United States,1
Helldisplay,Scientology,2
Hellenica,New York City,3
Hellenica,Tony Blair,1
Hellfire1014,PlayStation 3,1
Hellgi,Britney Spears,1
Hellijr,George W. Bush,1
Hellinon,World War I,1
Hellisp,IPod,1
Hellman4710,World War II,7
Hellno2,Xbox 360,1
Hellno2,September 11 attacks,2
Hello Control,50 Cent,1
Hello Control,Eminem,1
Hello again,George W. Bush,1
Hello cello,The Simpsons,3
Hello cello,The Beatles,1
Hello evry1,Cannabis (drug),1
Hello i am a guy,RuneScape,1
Hello kitty biotch,Britney Spears,1
Hello111222,The Beatles,1
Hello14,United States,1
Hello147,Eminem,9
Hello2abir,India,2
Hello32020,South Park,1
Hello32020,World War I,1
Hello32020,"United States presidential election, 2008",1
Hello32020,Global warming,1
Hello32020,World War II,3
Hello32020,Wii,1
Hello32020,George W. Bush,1
Hello32020,Michael Jackson,7
Hello32020,Bill Clinton,2
Hello32020,Barack Obama,2
Hello32020,Eminem,1
Hello32020,Bill Gates,2
Hello32020,Osama bin Laden,4
Hello32020,Google,1
Hello32020,India,1
Hello32020,IPod,3
Hello32020,Saddam Hussein,2
Hello32020,Cat,1
Hello32020,September 11 attacks,1
Hello32020,United States,3
Hello4321,George W. Bush,1
Hello4321,Canada,4
Hello4321,Barack Obama,2
Hello516,The Beatles,1
Hello5959us,United States,1
Hello5959us,George W. Bush,1
Hello5959us,IPod,2
Hello5959us,Wii,1
Hello667,George W. Bush,1
HelloAnnyong,Saddam Hussein,1
HelloAnnyong,Xbox 360,1
HelloAnnyong,"United States presidential election, 2008",2
HelloBE,Harry Potter,1
HelloDollars!,George W. Bush,1
HelloWikipediaXD,Google,2
HelloWorldToday,Albert Einstein,1
Helloaday,Adolf Hitler,1
Hellobeatle,Saddam Hussein,1
Hellobeatle,The Beatles,1
Hellodas,September 11 attacks,1
Hellodhiman1982,Bill Gates,1
Hellogeoff,Cat,1
Hellogirls12,IPod,1
Helloimigsdfhk,Britney Spears,1
Hellojoshdavepatch,Tony Blair,1
Hellololmo,The Beatles,2
Hellomixmast,The Beatles,1
Hellomoto 3,Tony Blair,1
Hellothere07,India,2
Hellow212,Harry Potter and the Deathly Hallows,2
Helloxlauren,God,1
Hellrider25,Eminem,2
Hellrider25,50 Cent,2
Hellrocker999,George W. Bush,1
Hellsnake,Google,1
Hellspawn905,Google,1
Helltopay27,Britney Spears,3
Helltopay27,Family Guy,6
Hellzhack,God,1
Hellznrg,Cat,1
Helmandsare,George Washington,1
Helmandsare,United States,4
Helmandsare,George W. Bush,3
Helmandsare,Star Wars,2
Helmandsare,"United States presidential election, 2008",1
Helmotivation,Muhammad,1
HelmsC1978,PlayStation 3,2
Helohe,Xbox 360,1
Help plz,Family Guy,1
Helper,George W. Bush,1
Helphere,Harry Potter,1
HelpnWP,Bill Clinton,2
Helpsloose,The Beatles,6
Helvete,Japan,1
Helwerda,Bill Gates,1
Helzagood,George W. Bush,4
Hem and hem,Google,1
HemRaj Singh,Barack Obama,1
Heman,India,1
Hemanshu,Japan,2
Hemanshu,India,12
Hemanshu,Harry Potter and the Deathly Hallows,1
Hemanshu,The Simpsons,1
Hemanshu,Christianity,2
Hemanshu,Islam,1
Hemanshu,Bill Gates,4
Hemanshu,Osama bin Laden,1
Hemanshu,George Washington,2
Hemanshu,Bill Clinton,3
Hemanshu,September 11 attacks,2
Hemanshu,George W. Bush,9
Hemanshu,Tony Blair,1
Hemanshu,Britney Spears,4
Hemanshu,Israel,1
Hemanshu,Ronald Reagan,3
Hemanshu,United Kingdom,1
Hemanshu,Global warming,2
Hemant,India,3
Hemendra,India,2
Hemi1608,London,3
Hemi66,Cat,2
Hemidemisemiquaver,Eminem,3
Hemidemisemiquaver,Cat,5
Hemidemisemiquaver,Scientology,2
Hemidemisemiquaver,Harry Potter and the Deathly Hallows,2
Hemightbesoup,Xbox 360,1
Hemlock Martinis,"United States presidential election, 2008",1
Hemlock Martinis,George W. Bush,1
Hemlock Martinis,Michael Jackson,1
Hemlock Martinis,Albert Einstein,1
Hemmings09,Harry Potter,1
Hemmingsen,Albert Einstein,8
Hemmingsen,Osama bin Laden,1
Hemmingsen,Muhammad,1
Hempbilly,Barack Obama,7
Hempbilly,Bill Clinton,2
Hempeater,Xbox 360,4
Hempeater,PlayStation 3,6
HemzHeru,Harry Potter,6
Hen25w,Michael Jackson,1
Henburylaughs3,Wii,1
Henchman 2000,PlayStation 3,2
Henderson jr,Christianity,2
Hendrixski,Barack Obama,1
Heneryetta,God,1
Hengartn,Albert Einstein,4
Hengsheng120,RuneScape,9
Hengsheng120,George W. Bush,2
Henk65,Family Guy,2
Henk65,South Park,1
HenkeB,Cat,1
HenkvD,South Park,1
HenkvD,Osama bin Laden,1
HenkvD,Britney Spears,1
HenkvD,Barack Obama,3
HenkvD,PlayStation 3,2
HenkvD,Eminem,1
HenkvD,Harry Potter,2
HenkvD,New York City,1
Henman234,The Beatles,1
Henners91,Paris Hilton,1
HennessyC,"United States presidential election, 2008",1
Henning Makholm,Star Wars,1
Hennyxlb,Barack Obama,1
Hennyxlb,Britney Spears,11
HenrYrneHenry,Adolf Hitler,1
Henrik,George Washington,2
Henrik,New York City,1
Henrik,Global warming,2
Henrik,PlayStation 3,3
Henrik,Barack Obama,3
Henrik,India,3
Henrik,World War I,1
Henrik,Muhammad,1
Henrik (old),United States,1
Henrik (old),George W. Bush,5
Henrik Ebeltoft,Harry Potter and the Deathly Hallows,2
Henrik46,Israel,1
Henriksedin,George W. Bush,1
Henriok,Xbox 360,1
Henriok,Wii,1
Henriok,PlayStation 3,1
Henriquevicente,George W. Bush,1
Henry Aguirre,George W. Bush,3
Henry Corvel,George Washington,1
Henry Delforn,Israel,5
Henry Delforn,George Washington,1
Henry Delforn,United States,1
Henry Flower,Google,6
Henry Flower,Barack Obama,1
Henry Flower,World War I,1
Henry Flower,India,24
Henry Flower,PlayStation 3,24
Henry Flower,Bill Clinton,5
Henry Flower,World War II,1
Henry Flower,The Beatles,5
Henry Flower,Paris Hilton,11
Henry Flower,Eminem,1
Henry Flower,Adolf Hitler,1
Henry Flower,The Simpsons,1
Henry Flower,Tony Blair,2
Henry Flower,Osama bin Laden,1
Henry Flower,IPod,35
Henry Flower,Japan,70
Henry Flower,United States,19
Henry Flower,September 11 attacks,2
Henry Flower,Xbox 360,26
Henry Flower,Cannabis (drug),1
Henry Flower,George W. Bush,8
Henry W. Schmitt,Google,2
Henry W. Schmitt,The Simpsons,1
Henry W. Schmitt,New York City,1
Henry W. Schmitt,IPod,4
Henry W. Schmitt,Ronald Reagan,1
Henry rackley,Bill Gates,1
Henry rademacher,50 Cent,1
HenryAJ,Wii,1
HenryEdit,Christianity,1
HenryLarsen,World War I,2
HenryLi,India,1
HenryLi,George Washington,2
HenryLi,Global warming,1
HenryLi,God,1
HenryPhillips,Barack Obama,1
HenryTouchdown,Xbox 360,3
HenryTouchdown,Wii,2
Henrybaker,George W. Bush,1
Henryburriam,Cat,1
Henrygb,RuneScape,1
Henrygb,50 Cent,1
Henrygb,Tony Blair,1
Henrygb,Jesus,1
Henrygb,Global warming,2
Henrygb,Cat,1
Henrygb,London,1
Henrygb,George W. Bush,1
Henrygb,Bill Gates,1
Henrygb,IPod,1
Henrygb,The Simpsons,2
Henrygb,United States,1
Henryhartley,India,1
Henrymrx,"United States presidential election, 2008",2
Henryodell,Michael Jackson,1
Henryodell,South Park,10
Henrysamuels,London,1
Henryt23,George W. Bush,2
Hensley777,Family Guy,1
Henstep1313,World War II,3
HenvY,PlayStation 3,1
Hep MYGEN,PlayStation 3,1
Hephaestos,United States,1
Hephaestos,The Simpsons,1
Hephaestos,New York City,2
Hephaestos,George W. Bush,57
Hephaestos,Albert Einstein,2
Hephaestos,The Beatles,2
Hephaestos,Cat,2
Hephaestos,Saddam Hussein,11
Hephaestos,Adolf Hitler,11
Hephaestos,50 Cent,1
Hephaestos,Family Guy,1
Hephaestos,Japan,2
Hephaestos,Islam,1
Hephaestos,World War I,7
Hephaestos,Israel,1
Hephaestos,Michael Jackson,2
Hephaestos,September 11 attacks,2
Hephaestos,Scientology,1
Hephaestos,Harry Potter,1
Hephaestos,Ronald Reagan,3
Hephaestos,India,1
Hephaestos,Muhammad,1
Hephaestos,Britney Spears,2
Hephaestos,George Washington,11
Hephaestos,Osama bin Laden,2
Hephaestos,Bill Clinton,8
Hephaestos,Bill Gates,1
Hephaestos&70;,Adolf Hitler,1
Hephæstion,World War I,1
Hepnotic,Saddam Hussein,1
Heptarchia,United Kingdom,1
Heptor,RuneScape,1
Heptor,World War II,1
Heptor,George W. Bush,4
Heptor,Scientology,1
Heptor,India,1
Heptor,Jesus,2
Heqs,Britney Spears,1
Heqs,Canada,57
Hequals2henry,New York City,1
Heqwm,Barack Obama,3
Hera1187,Tony Blair,2
Hera1187,George W. Bush,1
Hera1aphrodite,Harry Potter,1
Heraclius,Christianity,2
Heraclius,Muhammad,3
Heraclius,Islam,8
Herald Alberich,Wii,3
Herb West,Saddam Hussein,3
Herb-Sewell,IPod,1
Herb-Sewell,Wii,1
Herb-Sewell,Adolf Hitler,1
Herb-Sewell,Bill Gates,1
Herb45,World War II,1
Herb45,World War I,1
Herbal Hi,Cannabis (drug),2
Herbert670,India,1
Herblin,50 Cent,1
Herbm,Saddam Hussein,1
HerculeBot,Christianity,1
HerculeBot,Barack Obama,1
HerculeBot,Japan,1
HerculeBot,Jesus,1
HerculeBot,United States,1
HerculeBot,Google,1
HerculeBot,London,2
Herdrick,United States,4
Here's to Hope,Adolf Hitler,1
Here2fixCategorizations,Albert Einstein,1
HereIsJohnny,Barack Obama,1
HereToHelp,World War II,3
HereToHelp,Google,1
HereToHelp,World War I,1
HereToHelp,George Washington,5
HereToHelp,Islam,1
HereToHelp,IPod,309
HereToHelp,Star Wars,8
HereToHelp,Canada,1
HereToHelp,Israel,2
HereToHelp,United States,1
HereToHelp,Bill Clinton,1
HereToHelp,The Beatles,2
HereToHelp,Albert Einstein,1
Hereford,Scientology,1
Hereford,Barack Obama,1
Hereford,IPod,1
Hereford,Bill Gates,1
Hereispuneet,Cannabis (drug),1
Heresatissue,Star Wars,5
Heresbubba53190,South Park,3
Herespenguin,Albert Einstein,2
Heretics,Scientology,2
Heretix,Adolf Hitler,2
Hereward77,Bill Clinton,1
Hereward77,Tony Blair,3
Hergiswi,Adolf Hitler,1
Herikaius,George W. Bush,1
HerkusMonte,Ronald Reagan,1
HerkusMonte,Albert Einstein,2
Herman79,50 Cent,1
Hermel,Bill Gates,1
Hermeneus,Japan,26
Hermeneus,"United States presidential election, 2008",1
Hermes44,Harry Potter,1
Hermie2007,United Kingdom,1
Herminiogillo,The Simpsons,1
Hermione1980,Harry Potter,51
Hermione1980,Cat,1
Hermione1980,George W. Bush,1
Hermione1980,Jesus,3
Hermione1980,Harry Potter and the Deathly Hallows,24
Hermione1980,George Washington,4
Hermione1980,Michael Jackson,1
Hermione99,Harry Potter,1
Hermit crabs 101,Albert Einstein,1
Hermit789,Tony Blair,1
Hermitage,Harry Potter and the Deathly Hallows,2
Hermoine Gingold,Global warming,1
HernanQB,Michael Jackson,4
Hernlund,United States,1
Hero 004,Bill Clinton,1
Hero freak818,Britney Spears,9
Heroandgloom,God,1
Heroeswithmetaphors,Osama bin Laden,1
Heroeswithmetaphors,Japan,1
Heroeswithmetaphors,Barack Obama,1
HeroicJay,"United States presidential election, 2008",1
HeroicJay,Harry Potter and the Deathly Hallows,1
HeroicJay,World War II,1
HeroicJay,Wii,14
Heroism,RuneScape,1
Heron,Adolf Hitler,2
Heron,George W. Bush,2
Heron,Albert Einstein,27
Heron,Islam,15
Heron,Tony Blair,5
Heron,Saddam Hussein,1
Heron,Michael Jackson,1
Heron,Israel,1
Heron,God,2
Heron,George Washington,1
Heron,RuneScape,3
Heron,Global warming,5
Heron,Cat,2
Heron,London,2
Heron,India,2
Heron,World War I,4
Heron,Scientology,1
Heron,Jesus,1
Heronius,Islam,1
HeroofTime55,Scientology,1
Herorev,"United States presidential election, 2008",1
Herostratus,Scientology,1
Herostratus,September 11 attacks,1
Herostratus,Bill Gates,1
Herostratus,Japan,1
Herostratus,George W. Bush,1
Herostratus,New York City,1
Herostratus,Britney Spears,1
Herostratus,United Kingdom,2
Herpatadious Man,Cannabis (drug),2
Herr Anonymus,World War I,1
Herr Boll,George W. Bush,1
Herr Korbes,Tony Blair,2
HerrGoebbles,United States,4
Herrington2828,Star Wars,4
Herronj,Global warming,2
Herrylee,Tony Blair,1
Herschelkrustofsky,September 11 attacks,3
Hersfold,Eminem,1
Hersfold,Harry Potter and the Deathly Hallows,1
Hersfold,Michael Jackson,1
Hersfold,Cannabis (drug),4
Hersfold,Google,2
Hersfold,PlayStation 3,1
Hersman,"United States presidential election, 2008",1
Hertz1888,September 11 attacks,2
Hertz1888,Jesus,2
Hertz1888,New York City,1
Hertz1888,Tony Blair,1
Hertz1888,Israel,4
HertzaHaeon,Japan,1
Heruka2006,Barack Obama,2
Herunar,Paris Hilton,5
Herunar,Eminem,4
Herunar,United States,4
Herunar,Bill Clinton,4
Herunar,George W. Bush,1
Herunar,Barack Obama,8
Herunar,Michael Jackson,2
Herut,Israel,29
Herut,Adolf Hitler,1
Hervard,Eminem,1
Hervegirod,PlayStation 3,2
Heryu,George W. Bush,1
Herzliyya,Scientology,1
Herzliyya,Saddam Hussein,1
Herzliyya,"United States presidential election, 2008",1
Herzliyya,Osama bin Laden,1
Herzog31,Adolf Hitler,1
Herzogrw,Bill Gates,1
Hesaidimsaid,Paris Hilton,2
Hesam7,Family Guy,1
Heshamdiab116,Michael Jackson,1
Heshamdiab116,Muhammad,2
Heshamdiab16,Muhammad,3
Heslopian,South Park,10
Heslopian,Paris Hilton,2
Heslopian,Britney Spears,1
Heslopian,Michael Jackson,3
Hesperia,Britney Spears,3
Hesperian,Cat,4
Hesperian,Xbox 360,1
Hesperian,World War I,1
Hesperian,World War II,1
Hesperian,Harry Potter,2
Hessamnia,The Simpsons,1
Hessejicks,George W. Bush,1
Hestemand,The Simpsons,1
Hestemand,World War I,1
Hestemand,Osama bin Laden,1
Hestonkelsey,Michael Jackson,1
Hetar,Cat,1
Hetar,RuneScape,23
Hetar,Britney Spears,1
Hetar,Islam,2
Hetar,PlayStation 3,3
Hetar,New York City,1
Hetar,Scientology,2
Hetar,Muhammad,1
Hetar,God,2
Hetar,World War II,1
Hetar,Bill Gates,2
Hetar,Google,4
HeteroZellous,RuneScape,6
Hethatishere,New York City,1
Hetta,RuneScape,1
Hetzer,Adolf Hitler,2
Hewn,South Park,1
Hex01A4,Cannabis (drug),1
HexInfinity,Saddam Hussein,2
HexInfinity,50 Cent,1
HexaChord,God,1
HexaChord,George W. Bush,2
HexaChord,Paris Hilton,2
HexaChord,Adolf Hitler,1
HexaChord,The Beatles,1
HexaChord,George Washington,2
HexaChord,London,1
HexaChord,Michael Jackson,1
HexaChord,"United States presidential election, 2008",2
HexaChord,Barack Obama,1
Hexadecimal82,Harry Potter,1
Hexane2000,Cat,1
Hexcowboy,Harry Potter,2
Hexedmagica,RuneScape,1
Hexii,Bill Gates,1
Hexlor,Family Guy,1
Hexlor,United States,2
Hey329,Britney Spears,2
HeyImDan,Scientology,1
HeyNow10029,Family Guy,2
HeyNow10029,George W. Bush,1
HeyNow10029,Britney Spears,6
HeySmrt,RuneScape,1
Heybdude,Christianity,5
Heycos,Family Guy,1
Heyfool,Cat,2
Heygofish,Islam,1
Heyhay,George W. Bush,1
Heyhey068,Paris Hilton,1
Heyhey54,Harry Potter,3
Heyits5,George W. Bush,1
Heyitsalexander,World War I,1
Heyitspeter,Scientology,2
Heyitsthatonedude,Scientology,1
Heykoala,Japan,1
Heymrdrummer,Osama bin Laden,1
Heypatrick,New York City,1
Heypeoples'nsuch,Harry Potter,1
Heythere1234,Michael Jackson,1
Heytomkat,Star Wars,1
Heyyou17,World War I,1
Hezy12,RuneScape,1
Hezzospike,Eminem,1
Hezzospike,50 Cent,1
Hfaridany,Osama bin Laden,1
Hfarmer,Islam,1
Hfastedge,Eminem,1
Hfastedge,World War II,4
Hfastedge,George W. Bush,2
Hfcom,Global warming,4
Hfhdh,Israel,1
Hfhjoisdoi,Wii,1
Hganesan,Israel,1
Hghoffman,United Kingdom,1
Hgilbert,George Washington,3
Hgilbert,Harry Potter and the Deathly Hallows,1
Hgjh789,United Kingdom,18
Hgld,PlayStation 3,4
Hgootzen,World War II,3
Hgrenbor,Canada,1
Hgrenbor,World War II,1
Hgrosser,Michael Jackson,5
Hgrosser,50 Cent,2
Hgrosser,IPod,2
Hgspring,United States,2
Hhdatabase,Britney Spears,1
Hhh123,Christianity,1
Hhh89,Adolf Hitler,1
Hhh89,Israel,1
Hhinomaru,Saddam Hussein,1
Hholt01,George Washington,3
Hhst,Michael Jackson,1
Hhx,Barack Obama,2
Hi There,Adolf Hitler,1
Hi-lariousdude22,India,2
Hi-my-name-is-BB,Britney Spears,1
Hi.ahsan,Islam,1
Hi237,World War II,1
Hi237,Global warming,1
Hi332211-,Christianity,1
Hi5590,Family Guy,1
HiDrNick,Harry Potter,2
HiDrNick,Christianity,1
HiDrNick,Bill Gates,1
HiDrNick,South Park,2
HiDrNick,Muhammad,3
HiDrNick,Michael Jackson,1
HiEv,Scientology,2
HiEv,George Washington,1
HiEv,Bill Gates,4
HiEverybodyHiDoctorNick,George W. Bush,1
HiEverybodyHiDoctorNick,Adolf Hitler,1
HiEverybodyHiDoctorNick,World War II,1
HiEverybodyHiDoctorNick,Wii,1
HiEverybodyHiDoctorNick,United States,1
HiEverybodyHiDoctorNick,Jesus,1
HiFiGuy,Family Guy,1
HiFlyer,Cat,2
HiImPhil,Japan,1
HiMyNameIsAndy44,Cat,2
HiMyNameIsTom,RuneScape,1
Hiaburi,Cannabis (drug),1
Hibana,Cat,1
Hibana,Adolf Hitler,1
Hibana,South Park,2
Hibbertson,Family Guy,1
Hibernian,India,2
Hibernian,South Park,1
Hibernian,September 11 attacks,2
Hibernian,Cat,1
Hibernian,World War I,2
Hibernian,George W. Bush,1
Hibernian,Ronald Reagan,1
Hiberniantears,Cat,1
Hiberniantears,New York City,1
Hiberniantears,United Kingdom,1
Hiberniantears,Adolf Hitler,1
Hibryd,RuneScape,1
Hickoryhillster,Barack Obama,11
Hickster,Tony Blair,10
Hicktunus,Cat,3
Hidaspal,Christianity,1
Hidaspal,Global warming,1
Hiddekel,Paris Hilton,1
Hiddekel,Cannabis (drug),3
Hiddekel,The Beatles,1
Hiddekel,Islam,1
Hidden2493,Canada,1
Hiddenhearts,Wii,1
Hiddensonyvaio,Michael Jackson,1
Hide&Reason,World War I,1
Hide&Reason,Michael Jackson,1
Hide&Reason,Family Guy,1
Hideousdarren,World War I,1
HideyoshiJP,PlayStation 3,1
Hideyuki,Xbox 360,1
Hideyuki,Wii,1
Hidfet,Eminem,1
Hiding,George Washington,1
Hiding,God,1
Hiding,The Simpsons,1
Hiding,World War II,1
HidyHoTim,Barack Obama,1
Hiei229,Eminem,1
Hielant,Adolf Hitler,1
Hiens,World War II,2
Hierarchypedia,Bill Gates,2
Hierarchypedia,Google,2
Hierarchypedia,Adolf Hitler,1
HieronymousCrowley,Osama bin Laden,1
Hierophantasmagoria,Scientology,2
Hierophantasmagoria,Harry Potter,1
Hierophantasmagoria,Harry Potter and the Deathly Hallows,2
Hieveryone13,Adolf Hitler,2
Hig Hertenfleurst,London,1
Higgshunter,Osama bin Laden,1
High School Musical909,Britney Spears,1
HighIQson,Jesus,1
HighInAZ,RuneScape,1
HighKing,Adolf Hitler,3
HighKing,London,1
HighPriest15,World War II,1
Highdude,South Park,1
Highemyes,RuneScape,1
Higherededitor2,George Washington,1
Higherwiki,Bill Gates,1
Highfields,India,1
Highfields,Israel,1
Highfields,United Kingdom,1
Highfields,Canada,3
Highfields,United States,5
Highground79,"United States presidential election, 2008",35
Highimpact1,RuneScape,1
Highpriority,Canada,1
Highpriority,Harry Potter and the Deathly Hallows,1
Highpriority,Google,1
Highvanhoe,Scientology,1
Highway-ukinfo,Michael Jackson,1
HighwayCello,Cat,4
HighwayCello,The Beatles,2
HighwayCello,Wii,2
HighwayCello,RuneScape,1
Highwind,Wii,3
Highwind,Star Wars,1
Highwitdr,Xbox 360,1
Highyack07,Osama bin Laden,1
Highzac96,Britney Spears,2
Higuy,World War II,6
Hihellowhatsup,Eminem,1
Hihellowhatsup,Britney Spears,2
Hihellowhatsup,Jesus,2
Hihi123,George Washington,1
Hihihi,Wii,1
Hihihi12,United Kingdom,1
Hihihi124,IPod,1
Hihihijoe,Wii,1
Hihihimememelol,Adolf Hitler,1
Hihislurp,50 Cent,1
Hihowooo,Harry Potter,1
Hiifii,Paris Hilton,2
Hiiiiiiiiiiiiiiiiiiiii,RuneScape,2
Hiimbigdave,Cat,2
Hiimbrady,George W. Bush,4
Hiimcole,Britney Spears,1
Hiimdaniel,Adolf Hitler,1
Hiimgabe,Paris Hilton,1
Hiimgabe,Britney Spears,1
Hiimgabe,Michael Jackson,1
Hiimluke,Islam,1
Hiirachell,Christianity,2
Hijak,PlayStation 3,12
Hijak,Xbox 360,2
Hijinx,Japan,7
Hikarumitani,Jesus,1
Hikarumitani,George W. Bush,1
Hikarumitani,God,8
Hike395,Global warming,1
Hike395,The Simpsons,3
Hike395,South Park,1
Hikui87,Jesus,1
Hilal Alsameraaii,Michael Jackson,2
HilariousLaugh,New York City,5
Hilaryfan1394,Paris Hilton,1
Hildanknight,George W. Bush,1
Hildanknight,RuneScape,25
Hildanknight,Google,14
Hilders,Harry Potter and the Deathly Hallows,1
Hildufrox4,Family Guy,1
Hilemate,Britney Spears,1
Hilighter555,Barack Obama,1
Hill214,Michael Jackson,1
HillChris1234,United States,1
HillChris1234,Global warming,10
HillValleyTelegraph,September 11 attacks,1
Hillbillybobob,The Beatles,1
Hillbrand,Albert Einstein,4
Hillel,India,1
Hillel,World War II,1
Hillel,Bill Clinton,1
Hillel,Israel,6
Hillman,Albert Einstein,16
Hillman15,Adolf Hitler,1
Hillmonitor,Barack Obama,2
Hillock65,"United States presidential election, 2008",1
Hillsboro,New York City,1
Hillsy 92,George W. Bush,1
Hilltoppers,Bill Clinton,8
Hilltoppers,George Washington,1
Hillzack,Bill Clinton,2
Hilotsunami,RuneScape,4
Hilton7753,Harry Potter and the Deathly Hallows,2
Hiltonhampton,Paris Hilton,9
Hiltonhampton,Osama bin Laden,2
Hiltonhampton,Britney Spears,1
Hiltonrichiefan,Paris Hilton,2
Hilts99,Xbox 360,1
Him rulez you,World War II,3
HimalayaShloka,India,1
HimalayanRise,India,1
HimalayanSnow,India,1
Himalayanashoka,India,44
Himanko,Eminem,2
Himanks,PlayStation 3,3
Himasaram,Muhammad,1
Himasha Wijesurendra,Google,2
Himatsu Bushi,New York City,1
Himawarichan,Japan,1
Himbomb,Barack Obama,1
Himhifi,India,5
Himurakenshin,Eminem,1
Himurakenshin,Family Guy,1
Himwp,Bill Gates,1
Himynameissara,Eminem,1
Hinate01,Bill Gates,1
Hindahouse,PlayStation 3,2
Hindleyite,September 11 attacks,1
Hindol,Bill Gates,1
Hindric595,50 Cent,2
Hindu Wardrobe,South Park,1
Hindu in Canada,India,1
Hinomaru10,Adolf Hitler,1
Hinotori,RuneScape,2
Hinotori,Eminem,1
Hinotori,Paris Hilton,1
Hinotori,Cannabis (drug),1
Hinschelwood,Adolf Hitler,1
Hintersatz,London,2
Hintha,New York City,1
Hintha,India,4
Hintha,Barack Obama,1
Hinzel,London,2
Hiohio,Star Wars,1
HipHopfan4life,50 Cent,1
Hipe buffulo,Christianity,1
Hipertyper221,Ronald Reagan,1
Hiphats,Muhammad,1
Hiphats,South Park,1
Hiphats,The Beatles,12
Hiphats,Star Wars,13
Hiphats,The Simpsons,1
Hiphats,Harry Potter,1
Hiphats,Family Guy,2
Hiphopapotamus,Barack Obama,1
Hiphopopotammus,Barack Obama,2
Hiphopsux,Star Wars,1
Hiplibrarianship,Cannabis (drug),1
Hipnip,Muhammad,1
Hipocrite,Scientology,1
Hipocrite,United States,1
Hipocrite,Cat,3
Hipocrite,George W. Bush,4
Hipocrite,September 11 attacks,2
Hipocrite,Barack Obama,5
Hippapaflagapapedal,Scientology,1
Hippasus,Scientology,1
Hippe45,George W. Bush,1
Hippi ippi,Britney Spears,1
Hippi ippi,Star Wars,1
Hippi ippi,Michael Jackson,2
Hippi ippi,Harry Potter and the Deathly Hallows,1
Hippie Metalhead,September 11 attacks,1
Hippie Metalhead,IPod,1
Hippie Metalhead,Osama bin Laden,1
Hippie2006,Eminem,2
Hippiedude0,United States,1
Hippielord773,Saddam Hussein,1
Hippiessuck,Ronald Reagan,4
Hippietrail,Saddam Hussein,2
Hippietrail,Osama bin Laden,2
Hippietrail,Israel,1
Hippietrail,Islam,1
Hippo43,New York City,1
Hippo43,World War II,25
Hippo43,Bill Clinton,1
Hippo43,Adolf Hitler,2
Hippo69,Osama bin Laden,3
Hippo99,Xbox 360,1
HippoOwl,United States,1
Hippolyta,Scientology,1
Hipporoo,The Simpsons,1
Hipporoo,Star Wars,1
Hipporoo,Michael Jackson,4
Hippystu,Scientology,1
Hipster21,South Park,12
HipsterDad,The Beatles,1
Hipzip 14,Britney Spears,8
HiraV,Google,3
HiramvdG,George W. Bush,2
Hirenrao,India,1
Hires an editor,Star Wars,1
Hires an editor,Ronald Reagan,9
Hires an editor,Bill Clinton,1
Hires an editor,Albert Einstein,1
Hiring.bookstore,Scientology,1
Hirm Charles sheldon,Britney Spears,1
Hirohisat,Harry Potter and the Deathly Hallows,1
Hirohisat,Bill Gates,1
Hirohisat,Japan,2
Hirohisat,Cannabis (drug),2
Hirokagei,IPod,1
Hirokazu,Harry Potter and the Deathly Hallows,1
Hiroshi66,Japan,12
Hirsch.im.wald,Global warming,1
Hirzel,Jesus,4
Hirzel,Bill Gates,2
His Awesomeness,Christianity,1
His excellency,Islam,7
His excellency,Muhammad,4
HisForeShadow,United States,3
HisSpaceResearch,The Beatles,1
HisSpaceResearch,London,1
HisSpaceResearch,Britney Spears,1
HisSpaceResearch,God,2
HisSpaceResearch,India,1
Hisashi 0080,PlayStation 3,1
Hisham,Star Wars,2
Hismattness,Cannabis (drug),1
Hisownspace,Paris Hilton,1
Hispanickwacko,Jesus,1
HisshouBuraiKen,South Park,1
Histasithappened,Adolf Hitler,1
Histo ed,World War II,3
Histor,Japan,2
Historian 1000,Barack Obama,2
Historian 1000,George W. Bush,7
Historian 1982,Barack Obama,1
Historian19,United Kingdom,3
Historian19,Eminem,3
Historian19,United States,1
Historian19,Bill Gates,2
Historian932,Adolf Hitler,5
Historian932,World War I,11
Historian932,World War II,10
Historian932,Albert Einstein,1
HistorianofScience,Global warming,1
Historianx,Canada,1
Historic Phoenix,United States,1
HistoricWarrior007,World War II,8
Historical Fiction,Paris Hilton,1
HistoricalPisces,Scientology,53
Historicist,September 11 attacks,2
History X,Jesus,5
History13,World War II,1
History13,World War I,4
History2007,God,3
HistoryBA,Canada,108
HistoryBA,George W. Bush,29
HistoryBA,Family Guy,1
HistoryBA,Eminem,2
HistoryBA,Britney Spears,1
HistoryBA,Bill Clinton,1
HistoryBA,RuneScape,1
HistoryBA,Adolf Hitler,1
HistoryBuffEr,Israel,7
HistoryStudent113,Barack Obama,1
Historyfeller,Ronald Reagan,7
Historyisstupid,Cat,1
Historymike,Albert Einstein,2
Historyofjihad,Islam,1
Historyontherun,Adolf Hitler,1
Historypre,Osama bin Laden,56
Histrion,Adolf Hitler,1
Histrion,Islam,1
Histrion,South Park,1
Histrion,The Simpsons,1
Histrion,Christianity,1
Histrydude,Ronald Reagan,2
Hisup123,Eminem,5
Hitchhiker89,London,2
Hitec81,Japan,17
Hitesh 7,Harry Potter,1
Hithere2008,Family Guy,1
Hitladen,Scientology,1
Hitler wasnt a bad guy,Adolf Hitler,1
Hitman4994,Michael Jackson,1
Hitman984,Britney Spears,1
Hitmanhackerzero,Xbox 360,1
Hitomi101,George W. Bush,2
Hitoshikyle,George W. Bush,1
Hitpoint,Britney Spears,1
HitroMilanese,London,4
HitroMilanese,India,1
Hittah,George W. Bush,1
Hiwamy,Islam,22
Hiwhispers,Adolf Hitler,1
Hiya111,Paris Hilton,2
Hiyawan2love,"United States presidential election, 2008",1
Hiyella,George W. Bush,1
Hj7867,United Kingdom,2
Hja,Israel,1
Hjal,Saddam Hussein,1
Hjaskater,South Park,1
Hjaskater,George Washington,1
Hjb26,Harry Potter and the Deathly Hallows,1
Hjguyg,Ronald Reagan,1
Hjk7894567,The Beatles,2
Hjku,Barack Obama,2
Hjmay22,George W. Bush,1
Hjmay22,Barack Obama,1
Hjncfkdnmhbjk,Adolf Hitler,2
Hjorten,50 Cent,1
Hk1992,United States,1
Hk7890,United Kingdom,9
HkCaGu,United States,3
Hkelkar,India,38
Hkhaseeb,Muhammad,7
Hkit,Scientology,2
Hkit,Cat,2
Hkjh78,United Kingdom,3
Hks street14,Wii,1
Hku04,World War II,1
Hl,Family Guy,1
Hlaw,United Kingdom,1
Hlclark78,IPod,1
Hlebz,Michael Jackson,1
Hlechte,Saddam Hussein,1
Hlemmur,Cat,1
Hlwarrior,Adolf Hitler,1
Hlynz,Wii,1
Hm2k,United Kingdom,1
Hm2pob,Cannabis (drug),1
Hmahh39,Osama bin Laden,2
Hmains,The Simpsons,1
Hmains,Osama bin Laden,2
Hmains,Adolf Hitler,4
Hmains,Islam,1
Hmains,World War II,18
Hmains,Bill Gates,1
Hmains,London,4
Hmains,George Washington,31
Hmains,Japan,7
Hmains,George W. Bush,11
Hmains,Britney Spears,1
Hmains,Albert Einstein,1
Hmains,Global warming,1
Hmains,Barack Obama,4
Hmains,September 11 attacks,13
Hmains,Ronald Reagan,12
Hmains,World War I,38
Hmains,Eminem,1
Hmains,New York City,3
Hmains,Israel,2
Hmains,Bill Clinton,11
Hmains,United States,27
Hmains,India,2
Hmains,Paris Hilton,2
Hmains,United Kingdom,3
Hmallett,50 Cent,1
Hmandark,Eminem,1
Hmcnally,Barack Obama,1
Hmghosthost,United States,1
Hmitt,Jesus,4
Hmjgriffon,September 11 attacks,1
Hmkan360,Star Wars,3
Hmohamm3,Muhammad,4
Hmoleman00,World War I,3
Hmondo,Barack Obama,2
Hmonroe,Albert Einstein,2
Hmoul,Jesus,2
Hmoul,Paris Hilton,6
Hmoul,Cannabis (drug),1
Hmpxrii,Family Guy,1
Hmr,The Simpsons,2
Hmr,Family Guy,6
Hmrox,South Park,1
Hmrox,Family Guy,2
Hmrox,Albert Einstein,1
Hmrox,Christianity,3
Hmrox,Paris Hilton,2
Hmrox,Harry Potter,1
Hmrox,Muhammad,1
Hmss0051,Japan,2
Hmustone,Michael Jackson,1
Hmwith,South Park,22
Hmwith,Cat,10
Hmwith,Barack Obama,2
Hmwith,Cannabis (drug),19
Hn,Wii,1
Hnaluru,India,3
Hnamazill,George W. Bush,1
Hnandrew,PlayStation 3,1
Hnandrew,George W. Bush,2
Hnchan01,Global warming,1
Hnhnhn,"United States presidential election, 2008",1
Hnkjr,Britney Spears,1
Hnldaniel,50 Cent,1
Hnsampat,George Washington,1
Hnsampat,Adolf Hitler,1
Hnsampat,Saddam Hussein,1
Hnsampat,Family Guy,1
Hnsampat,Osama bin Laden,1
Hnsampat,Barack Obama,1
Hnsampat,Paris Hilton,1
Hnsampat,India,1
HoCkEy PUCK,Xbox 360,1
HoCkster,George W. Bush,1
HoOhMajor,God,1
Hoagie one,The Beatles,1
Hoaqbui,PlayStation 3,2
Hoary,London,1
Hoary,IPod,2
Hoary,Britney Spears,1
Hoary,Star Wars,1
Hoary,RuneScape,1
Hoary,Bill Clinton,3
Hoary,Bill Gates,1
Hoary,Scientology,1
Hoary,Google,1
Hoary,Barack Obama,3
Hobadee,PlayStation 3,1
Hobapotter,RuneScape,2
Hobart,Xbox 360,2
Hobart,Harry Potter,1
Hobartimus,Adolf Hitler,1
Hobbentodd,United States,1
Hobbes,Google,1
Hobbes747,South Park,2
Hobbesdude,United States,1
Hobbesy3,Harry Potter and the Deathly Hallows,1
Hobbit,Paris Hilton,1
Hobblehobble,George W. Bush,1
Hobbs von Wackamole,Paris Hilton,1
Hobbsface2000,Michael Jackson,3
Hobes,Michael Jackson,1
Hobie Hunter,Islam,1
Hobie Hunter,"United States presidential election, 2008",65
Hobie Hunter,George W. Bush,2
Hobie Hunter,Cat,1
Hobo4213,India,1
HoboJones,"United States presidential election, 2008",1
Hoboday,Global warming,1
Hobofuzz,Xbox 360,1
Hobojoeandco,United States,1
Hoboscience,Christianity,1
Hobson,Tony Blair,21
Hobson,United Kingdom,19
Hochanglee01,RuneScape,5
Hockey2008,George Washington,1
HockeyInJune,Google,1
Hockeyalltheway25,George W. Bush,1
Hockeycraze12000,Canada,2
Hockeycraze12000,George W. Bush,1
Hockeydude7993,Jesus,1
Hockeydude7993,Scientology,1
Hockeyfan09,India,2
Hockeylor104,Ronald Reagan,1
Hocobo,The Beatles,1
Hodg,Adolf Hitler,1
Hoey103,September 11 attacks,2
Hof1187,Islam,1
Hofbauer,Cannabis (drug),1
Hoffi,London,2
Hoffmanbike,George W. Bush,1
Hoffmaz,George Washington,2
Hoffryan,Islam,1
Hog2,50 Cent,2
Hog2,Britney Spears,1
Hog44,Israel,3
Hogbrend,George W. Bush,1
Hogne,Barack Obama,1
Hogofwar,Global warming,4
Hograin's heros,Muhammad,11
Hogwashb,Scientology,1
Hohns3,World War I,90
Hoho,RuneScape,1
Hoho,IPod,1
Hoho832,Adolf Hitler,2
Hohohob,Google,2
Hohohowa,World War II,1
Hohum,Xbox 360,1
Hohum,World War II,27
Hohum,United States,1
Hohum,United Kingdom,2
Hoi jeon moo sool,United States,1
Hojimachong,Paris Hilton,1
Hojimachong,50 Cent,1
Hojimachong,Scientology,1
Hojimachong,South Park,16
Hojimachong,Osama bin Laden,4
Hojimachong,PlayStation 3,2
Hojimachong,Muhammad,6
Hojimachong,Barack Obama,1
Hojimachong,Harry Potter,1
Hojimachong,RuneScape,23
Hojimachong,Christianity,1
Hojimachong,United States,6
Hokahey,Wii,1
Hokeman,George W. Bush,1
Hokie92,World War II,1
HokieRNB,Paris Hilton,1
HokieRNB,Jesus,1
Hokiefan,India,2
Hokum,The Simpsons,1
Holaamigo666,Ronald Reagan,1
Holasenior55,Harry Potter,1
Holbern,George W. Bush,2
Holbern,Adolf Hitler,1
HoldMeHarry,Harry Potter,6
Holdek,Israel,1
Holdek,Paris Hilton,4
Holden cat,New York City,3
Holden yo,Cat,2
Holden yo,New York City,5
Holdencx,Israel,2
Holdencx,George W. Bush,1
Holder,Michael Jackson,1
Holder,Harry Potter,1
Holdonloosely,Michael Jackson,2
Holdspa,God,2
Hole62,United States,1
Holek,Xbox 360,1
Holeshot07,IPod,1
HolidayRoad66,George W. Bush,1
Holla735,50 Cent,1
Hollerbackgril,World War II,1
Hollerbackgril,Barack Obama,2
Hollinsgombayne,India,2
Hollinsrigbyturner,India,1
Holliwood,Britney Spears,3
Holliwood,Paris Hilton,2
Hollow Wilerding,World War II,1
Hollowbones,George W. Bush,1
Hollowed Ground,Muhammad,1
Hollowed Ground,Jesus,1
Hollowed Ground,Islam,3
Hollowman512,Wii,3
HollyAm,Eminem,2
HollyAm,Adolf Hitler,1
HollyAm,United States,1
HollyWolly,George W. Bush,14
Hollywood18,Eminem,1
HollywoodDarling,Harry Potter and the Deathly Hallows,2
Hollywoodicon,Japan,1
Holme053,Cat,1
Holod,Israel,1
Holodoctor1,Xbox 360,3
Holoeconomics,RuneScape,1
Hologram900,Britney Spears,1
Holon67,Saddam Hussein,2
Holothurion,Jesus,1
Holpenthadoor,Harry Potter,1
Holy Ganga,United Kingdom,2
Holy Ganga,Islam,2
Holy Ganga,London,5
Holy Ganga,India,85
Holy Ganga,Jesus,17
Holy Ganga,Christianity,3
Holy Ganga,United States,1
Holy triple m,Paris Hilton,1
HolyCowProductions,PlayStation 3,1
HolyKaw,India,1
HolyMuslimWarrior,Islam,1
HolyRunts,Xbox 360,1
HolyTrumpet,Barack Obama,2
Holybarbarian125,The Simpsons,1
Holycharly,Star Wars,1
Holyfonz,Osama bin Laden,1
Holymunkey99,George W. Bush,1
Holyschnapps,Harry Potter,2
Homagetocatalonia,World War I,1
Homagetocatalonia,India,2
Homagetocatalonia,Saddam Hussein,1
Homagetocatalonia,George W. Bush,3
Homagetocatalonia,Albert Einstein,1
Homagetocatalonia,Tony Blair,3
Homagetocatalonia,Canada,1
Homagetocatalonia,The Simpsons,1
Homagetocatalonia,George Washington,2
Homagetocatalonia,Barack Obama,1
Homagetocatalonia,Japan,1
Homagetocatalonia,Christianity,2
Home Computer,Jesus,2
Home Row Keysplurge,Jesus,2
Homeboy541,George W. Bush,3
Homeboyrabab,Bill Gates,1
Homedoge777,RuneScape,1
Homefill,The Simpsons,7
Homehouse,"United States presidential election, 2008",3
Homeless5,Google,1
Homelessman123123123,Saddam Hussein,1
Homer Landskirty,Scientology,10
Homer denator,Adolf Hitler,1
Homer saves presidents,Cannabis (drug),1
Homer slips.,Global warming,4
Homer slips.,World War II,16
Homerandflanders,World War II,1
Homerbklyn,Barack Obama,1
Homerdudeasd,George Washington,1
Homergreg,50 Cent,3
Homerjay,Bill Clinton,1
Homerjay,The Simpsons,2
Homerjay,Google,1
Homermanguy,Saddam Hussein,1
Homerofwar2,The Simpsons,1
Homerofwar2007,The Simpsons,4
Homerofwar2007,World War II,1
Homesickalien,Britney Spears,1
Homestar-winner,The Simpsons,3
Homestarmy,Islam,22
Homestarmy,Israel,1
Homestarmy,Saddam Hussein,1
Homestarmy,Osama bin Laden,1
Homestarmy,United States,9
Homestarmy,"United States presidential election, 2008",2
Homestarmy,Jesus,273
Homestarmy,Christianity,216
Homestarmy,RuneScape,9
Homestarmy,World War II,6
Homestarmy,Adolf Hitler,1
Homestarmy,George W. Bush,3
Homestarmy,Bill Clinton,1
Homestarmy,Japan,4
Hometech,India,4
Hometown Kid,50 Cent,2
Homeworld1031tx,United States,1
Homezfoo,Cat,1
Homicidal King,Eminem,1
Homo sapiens canadensis,Canada,2
Homo stannous,Saddam Hussein,1
Homologeo,Britney Spears,5
Homologeo,Barack Obama,4
Homosimpson,Bill Gates,1
Homtail,Michael Jackson,1
Homunculus 2,Cat,1
HomzUmrigar,India,2
Honbicot,Eminem,1
Honbicot,Paris Hilton,1
Honbicot,Britney Spears,1
Honbicot,Barack Obama,1
Honbicot,Bill Gates,2
Honbicot,Bill Clinton,1
Honbicot,Michael Jackson,1
Honda wang,Bill Gates,2
Hondaman,IPod,1
Hondasaregood,India,1
Hondo11008,Adolf Hitler,2
Hondola,"United States presidential election, 2008",3
Honest abe,Bill Clinton,3
Honesttoyou,Michael Jackson,2
Honeycake,George W. Bush,2
Honeycake,Bill Clinton,1
Honeycake,Osama bin Laden,2
Honeycake,Tony Blair,1
Honeycake,September 11 attacks,1
Honeycomb97,Michael Jackson,1
Honeydew,London,1
Honeydew,Jesus,2
Honeyman,IPod,1
Honeyman,Britney Spears,2
Honeymane,Google,1
Hong ton po,Tony Blair,1
HongKongMasterofSci,Scientology,2
HongQiGong,Japan,125
HongQiGong,Harry Potter and the Deathly Hallows,1
Hongjinyan,RuneScape,1
Hongooi,India,10
Hongooi,PlayStation 3,1
Hongooi,September 11 attacks,2
Hongshi,United Kingdom,2
Hongshi,Michael Jackson,2
Hongshi,Wii,28
Hongshi,PlayStation 3,9
Hongshi,George W. Bush,2
Honkey101,The Beatles,1
HonoreDB,Barack Obama,2
HonoreDB,Global warming,1
Honorkell,Scientology,1
Honorman,Paris Hilton,5
HonourableSchoolboy,Global warming,2
Honsiong chong,IPod,1
Hontogaichiban,Bill Gates,2
Hontogaichiban,September 11 attacks,2
Honus W Scruggs,Scientology,1
Honza.skypala,Wii,3
HonztheBusDriver,Google,2
Hoobla,United Kingdom,1
Hood23,United Kingdom,1
HoodedMan,God,1
HoodedMan,Cat,2
HoodedMan,United States,1
HoodedMan,Bill Gates,1
HoodedMan,George W. Bush,7
HoodedMan,Harry Potter and the Deathly Hallows,1
HoodedMan,Michael Jackson,3
Hoodednood,PlayStation 3,2
Hoodrats,Eminem,3
Hoodriser,50 Cent,4
Hoof Hearted,Cat,5
Hoof Hearted,Saddam Hussein,1
Hoof Hearted,Family Guy,1
Hoof Hearted,Michael Jackson,1
Hoof38,God,30
Hoogland,God,3
Hookup buddy,George Washington,1
Hooligans,The Beatles,1
Hoonoseme,George Washington,2
Hoopd505,Eminem,1
Hoopedah,George W. Bush,1
HooperBandP,Global warming,1
HooperBandP,United States,1
Hooperbloob,Osama bin Laden,1
Hooperbloob,Eminem,1
Hooperbloob,Adolf Hitler,1
Hooperbloob,The Simpsons,1
Hoopsam,George Washington,1
Hoopy1,Michael Jackson,1
Hoopygreen,Harry Potter,2
Hoorah83,Harry Potter and the Deathly Hallows,1
Hooray4BayGulls,Cat,1
Hooriaj,Scientology,2
Hooriaj,Google,1
Hoosierhistorian,Barack Obama,1
Hoot,Barack Obama,2
Hoot2,Tony Blair,2
Hootentogger,IPod,1
Hooverbag,Wii,1
Hooverbag,IPod,1
Hooverbag,Canada,1
Hooverhooter,George W. Bush,1
Hoovernj,United States,2
Hoovernj,Google,3
Hopalopodus,George W. Bush,1
Hope(N Forever),Israel,1
Hope(N Forever),Wii,2
HopeChrist,Jesus,1
Hopefloat007,Bill Clinton,2
Hopefully acceptable username,London,2
Hopesdead,The Beatles,1
Hopex,United Kingdom,2
Hopfrog,Cat,1
Hopiakuta,Cannabis (drug),2
Hoplites,Japan,2
Hopodopo,Google,1
Hoponpop69,"United States presidential election, 2008",11
Hoponpop69,Paris Hilton,4
Hoponpop69,George Washington,1
Hoponpop69,United States,1
Hoponpop69,Bill Clinton,6
Hoponpop69,Michael Jackson,17
Hoponpop69,The Beatles,2
Hoptoit,Japan,2
Horacenew,Harry Potter and the Deathly Hallows,1
HoracioMcJefferson,George W. Bush,2
Horatio,Cat,1
HoratioVitero,United States,3
Horatziu,God,1
Horcrux17,Harry Potter,1
Hordaland,Michael Jackson,1
Horgen,Tony Blair,1
Horgen,Christianity,5
Horgen,Adolf Hitler,2
Horia96,September 11 attacks,1
Horkana,Adolf Hitler,1
Horkana,Harry Potter,1
Horkana,South Park,2
Horkhimer,George W. Bush,1
Horlsg,The Beatles,1
Hornaman,Adolf Hitler,1
Hornandsoccer,Bill Clinton,1
Horncomposer,Harry Potter,1
Hornedangel,Jesus,1
Hornet35,Google,1
HornetMike,Jesus,1
Hornplease,Britney Spears,1
Hornplease,India,1
Horntonmcdurgley,Ronald Reagan,1
Hornymanatee,PlayStation 3,1
Hornymanatee,Michael Jackson,1
Horologium,Bill Clinton,1
Horologium,"United States presidential election, 2008",6
Horologium,London,2
Horologium,50 Cent,1
Horribleperson,Adolf Hitler,2
Horror469,50 Cent,12
Horroscopea,"United States presidential election, 2008",2
HorsePants,George W. Bush,3
HorsePunchKid,September 11 attacks,4
HorsePunchKid,Saddam Hussein,1
HorsePunchKid,God,14
HorsePunchKid,George W. Bush,7
HorsePunchKid,Adolf Hitler,10
Horsegreen16,RuneScape,2
Horselover Frost,Albert Einstein,2
Horselover90909,George Washington,1
HorseloverFat,Britney Spears,1
Horsemen4life,Britney Spears,3
Horserice,PlayStation 3,6
Horses In The Sky,Muhammad,1
Horses In The Sky,Scientology,1
Horses In The Sky,United States,1
HorsesAnd Tots,George W. Bush,3
Horsesarm,Britney Spears,8
Horseytown,Star Wars,1
Horsie,Adolf Hitler,1
Horsten,India,1
Horsten,Barack Obama,2
Horsten,Cannabis (drug),1
Horsten,Scientology,1
Horsten,George W. Bush,2
Horv.petya,PlayStation 3,1
Horvat Den,Albert Einstein,2
Horvath joey,South Park,1
Horwendil,Barack Obama,1
Hoseinquest,Bill Clinton,2
HoserHead,Cat,1
Hoserjoe,Christianity,2
Hoserjoe,Adolf Hitler,1
Hoshidoshi,Ronald Reagan,3
Hoshie,Tony Blair,1
Hoshie,Saddam Hussein,1
Hoshie,United States,1
Hoshie,"United States presidential election, 2008",1
Hoshie,Barack Obama,1
Hoshie,Canada,1
Hoshie,Bill Clinton,4
Hoshie,IPod,3
Hoshq,"United States presidential election, 2008",1
Hosimin,Bill Clinton,1
Hoslayer,New York City,2
Hossain Akhtar Chowdhury,New York City,1
Hossain Akhtar Chowdhury,The Beatles,3
Hossen27,Bill Clinton,2
Hossenfeffer,PlayStation 3,1
Hossrex,Wii,1
Hosterweis,Cannabis (drug),1
Hosterweis,Michael Jackson,1
Hosterweis,United States,1
Hosterweis,Adolf Hitler,1
Hostyle2007,Eminem,3
Hot & Cold,Harry Potter,1
Hot Pancakes,50 Cent,1
Hot fritz,George W. Bush,1
HotHistoryBuff69,George Washington,1
HotPakiBoy,London,1
HotRat,Scientology,1
Hotadamwax,Family Guy,1
Hotblaster,Harry Potter,1
Hotbosscool,Muhammad,1
Hotcakes111,World War II,4
Hotcop2,The Beatles,1
Hotcop2,Ronald Reagan,1
Hotcop2,Michael Jackson,2
Hotcrocodile,George W. Bush,1
Hotcrocodile,Jesus,1
Hotdoc007,Christianity,2
Hotdog1000,South Park,1
Hotdog111,George W. Bush,3
Hotdoglives,South Park,2
Hotdoglives,Star Wars,4
Hotdogs are now!,The Simpsons,3
Hotel36000,Michael Jackson,1
Hotel4500,Osama bin Laden,1
Hotel4500,Michael Jackson,3
Hotelcalifornia1976,United States,1
Hoth Hottie1977,God,1
Hotlorp,The Beatles,1
Hotlorp,Bill Clinton,2
Hotlorp,IPod,1
Hotlorp,September 11 attacks,2
Hotlorp,Saddam Hussein,1
Hotmann,PlayStation 3,2
Hotshots2006,United States,3
Hotstuf429,George W. Bush,1
Hottentot,Islam,1
Hottentot,India,4
Hottentot,Michael Jackson,1
Hottentot,George W. Bush,1
Hottentot,Family Guy,2
Hottentot,Osama bin Laden,3
Hottentot,Bill Gates,1
Hottentot,Canada,1
Hottentot,Albert Einstein,9
Hottentot,Jesus,5
Hottentot,George Washington,4
Hottentot,50 Cent,49
Hottentot,United States,4
Hottentot,Adolf Hitler,1
Hottentot,Cat,2
Hottm3xican,RuneScape,1
Hottscubbard,September 11 attacks,2
Hotuan87,Barack Obama,2
Hotwheels 10,Osama bin Laden,2
Hotwheels53,Wii,2
Hotwiki,Britney Spears,156
Hotwiki,PlayStation 3,1
Hotwiki,Eminem,1
Hotwiki,Paris Hilton,64
Hotwiki,Harry Potter and the Deathly Hallows,1
HouAstros1989,Wii,1
Houcky747,Barack Obama,2
Hough,Tony Blair,1
Houghtwo,Bill Gates,2
Houla Minkle,Harry Potter and the Deathly Hallows,2
HoundofBaskersville,Barack Obama,1
Hour,Xbox 360,1
Hour,Wii,1
Hourick,Paris Hilton,8
Hourick,Osama bin Laden,1
Hourick,South Park,1
House Centipede,India,1
House of sun,Israel,1
House1090,United States,1
Househippie,London,1
Housemost,The Simpsons,1
Housesitter,United States,1
Houshisama,Cannabis (drug),2
Houshuang,Family Guy,2
Houstonbuildings,New York City,1
Houstontowers,"United States presidential election, 2008",1
Houstontowers,Barack Obama,1
Houyhnhnmland,Barack Obama,1
Hoverfish,The Beatles,2
Hovlev,London,1
How My IP Address Is Hacked?,London,2
How dare you?,Xbox 360,1
HowIBecameCivil,Cannabis (drug),7
Howabout1,Britney Spears,1
Howabout1,RuneScape,1
Howabout1,Google,2
Howabout1,IPod,1
Howabout1,George W. Bush,2
Howabout1,Michael Jackson,1
Howabout1,Eminem,1
HowaboutDan,United Kingdom,1
Howard Alexander,United Kingdom,6
Howard Alexander,United States,2
Howard Dawber,IPod,1
Howard Drake,The Beatles,1
Howard61313,New York City,1
Howard841110,Harry Potter,1
HowardDean,Ronald Reagan,1
HowardDean,George W. Bush,2
HowardDean,Canada,1
HowardDean,Bill Clinton,1
HowardMorland,Harry Potter and the Deathly Hallows,1
HowardRob,September 11 attacks,2
HowardRob,United Kingdom,1
HowardSF,PlayStation 3,1
HowardW,George W. Bush,1
Howardjp,George W. Bush,2
Howardjp,Family Guy,2
Howardshippin,Israel,1
Howbloom,Michael Jackson,2
Howcheng,The Beatles,4
Howcheng,United States,4
Howcheng,Global warming,1
Howcheng,Family Guy,1
Howcheng,"United States presidential election, 2008",3
Howcheng,Saddam Hussein,2
Howcheng,IPod,1
Howcheng,New York City,1
Howcheng,Cat,72
Howcheng,India,1
Howcheng,World War II,2
Howcheng,Adolf Hitler,6
Howcheng,Google,1
Howcheng,Israel,1
Howcheng,Jesus,2
Howcheng,Paris Hilton,1
Howcheng,George Washington,1
Howcheng,Barack Obama,1
Howcheng,Ronald Reagan,1
Howcheng,Japan,2
Howcheng,Albert Einstein,3
Howcheng,September 11 attacks,1
Howcheng,Cannabis (drug),1
Howcheng,World War I,3
Howdoustop85,Adolf Hitler,1
Howdoustop85,Jesus,1
Howdy,George W. Bush,1
Howdybob,United States,1
Howdydoo,United Kingdom,1
Howelldaniel,Bill Gates,4
Howells1995,Osama bin Laden,1
Howenstein115,Eminem,1
However whatever,Paris Hilton,106
Howezy,September 11 attacks,2
Howiki,September 11 attacks,4
Howjosh989,The Simpsons,1
Howl2000,Christianity,2
Howler200,George W. Bush,2
Howrealisreal,Cannabis (drug),87
Howrealisreal,George W. Bush,7
Howrealisreal,Osama bin Laden,1
Howrealisreal,Michael Jackson,1
Howsoonhathtime,United Kingdom,1
Howtoblankpages,George W. Bush,1
Hoxygt,Family Guy,1
HoyaProff,Barack Obama,1
HoyaProff,Ronald Reagan,3
Hoyne,Tony Blair,1
Hoyne,George W. Bush,1
Hoziron,Bill Clinton,1
Hoziron,Harry Potter,1
Hoziron,Adolf Hitler,1
Hoziron,Islam,1
Hpa,Barack Obama,1
Hpaddict,George W. Bush,1
Hpark101,Ronald Reagan,1
Hpbiggestfan,Muhammad,7
Hpbiggestfan,Harry Potter,10
Hpcanswers,PlayStation 3,1
Hpdl,Family Guy,1
Hpeditor,Harry Potter,1
Hpesoj00,Family Guy,3
Hpfan1,World War II,2
Hpfan1,Harry Potter and the Deathly Hallows,1
Hpfan1,Adolf Hitler,1
Hpfan1,United Kingdom,1
Hpfan1,Harry Potter,1
Hpswimmer,Britney Spears,3
Hputus,Tony Blair,1
Hpyounes,Muhammad,4
Hq3473,Adolf Hitler,1
Hq3473,Harry Potter,1
Hqb,Tony Blair,1
Hqb,God,1
Hqb,Osama bin Laden,1
Hqb,Harry Potter and the Deathly Hallows,1
Hqduong,Saddam Hussein,1
Hr oskar,Islam,1
Hraefen,Cannabis (drug),1
Hrking,George Washington,1
Hrothberht,Paris Hilton,2
Hroðulf,India,1
Hroðulf,United Kingdom,8
Hrpeezboy,George W. Bush,1
Hrumayor,Cat,1
Hrvoje Simic,The Simpsons,1
HsEoNmReY,RuneScape,2
Hsachdevah,India,2
Hseldon10,Ronald Reagan,1
Hseldon10,Bill Gates,8
Hseldon10,United States,2
Hseroyal99,George W. Bush,1
Hserus,Harry Potter and the Deathly Hallows,1
Hsolimany,Japan,1
Hsriniva,India,1
Hsuehc,George Washington,1
Hsugawar,Japan,2
Ht1848,PlayStation 3,2
Ht1848,September 11 attacks,3
Ht1848,Bill Gates,1
Ht1848,Family Guy,1
Htinal,Ronald Reagan,4
Htm10,Harry Potter,1
Htmlguy716,RuneScape,4
Htmlguy716,IPod,1
Htmnssn,Harry Potter and the Deathly Hallows,3
Htrapj,India,3
Htz,50 Cent,1
Hu,Global warming,8
Hu,United States,1
Hu,Cat,11
Hu,George Washington,1
Hu,World War II,3
Hu,The Beatles,1
Hu,Albert Einstein,1
Hu,Islam,1
Hu,Xbox 360,1
Hu,Canada,8
Hu,Cannabis (drug),1
Hu,London,2
Hu,United Kingdom,5
Hu,Japan,1
Hu,Michael Jackson,1
Hu,"United States presidential election, 2008",1
Hu Gadarn,Britney Spears,2
Hu Gadarn,God,1
Hu Gadarn,Canada,1
Hu Xiang,Global warming,3
Hu me yes,Muhammad,3
Hu12,The Beatles,1
Hu12,South Park,18
Hu12,PlayStation 3,2
Hu12,Global warming,2
Hu12,Harry Potter,1
Hu12,India,1
Hu12,Family Guy,1
Hu12,Christianity,1
Hu12,Cat,14
Hu12,Ronald Reagan,1
Hu12,Muhammad,1
Hu12,Albert Einstein,1
Hu12,World War I,2
Hu12,Eminem,1
Hu12,Google,2
Hu789,United Kingdom,7
Hua212,George W. Bush,1
Huadpe,Barack Obama,6
Huadpe,United States,2
Huailin,Google,2
Huaiwei,Google,1
Huan-jen,Cat,2
Huang7776,World War II,1
Huangcjz,IPod,3
Huangcjz,Harry Potter,1
Huangcjz,Harry Potter and the Deathly Hallows,1
Huangcjz,Michael Jackson,1
Huangdi,"United States presidential election, 2008",1
Huangdi,Osama bin Laden,2
Huangdi,George W. Bush,1
Huanghe63,Star Wars,1
Huangj2,George W. Bush,1
Huayiz,Muhammad,4
HubHikari,World War II,1
HubHikari,Cannabis (drug),1
Hubacelgrand,New York City,1
Hubbard is xenu,Scientology,1
HubbardTechGuardian,Jesus,4
Hubblek4,Xbox 360,2
Hubert101010,Michael Jackson,6
HubertCumberdale,World War I,1
HubmaN,September 11 attacks,1
Hubs,Scientology,1
Hubschrauber729,Global warming,1
Hubschrauber729,Barack Obama,1
Hubstack,New York City,7
Hubub123,George Washington,2
Hucks 6,Jesus,2
Hucz,RuneScape,1
Hucz,Christianity,1
Hucz,Harry Potter,2
Hudaphux,Wii,1
Hudayfah,Osama bin Laden,1
Hudd,Family Guy,1
Hudrew101,RuneScape,1
Hudsonator1984,Britney Spears,1
Hudsoncasiple,Michael Jackson,1
Hudude,United States,1
Huduoroi,United States,1
Hue,Star Wars,2
Huelenrite,United States,2
Huero626,50 Cent,2
Huey1225,Michael Jackson,1
Huey45,Michael Jackson,2
HueyFreeman,Eminem,1
Hueydoc,George W. Bush,1
Hueyfighters,Family Guy,1
Hueyfighters,Britney Spears,1
Hueyfreeman2006,Muhammad,2
Huffy0025,Michael Jackson,1
Hufongpoo,Ronald Reagan,1
HugAnEmo,Britney Spears,1
Hugaholic,George W. Bush,1
HuggaBounce,Britney Spears,1
Hugggggggs,Harry Potter,1
Huggle,IPod,1
Huggler,Canada,1
Huggy82,Albert Einstein,1
Hugh G. Rection,Xbox 360,3
Hugh000270,PlayStation 3,1
Hugh7,The Simpsons,1
HughGRex,Global warming,7
HughGRex,Barack Obama,2
HughGRex,Saddam Hussein,9
HughJorgan,George Washington,1
HughMor,Cat,1
HughWalters,George W. Bush,1
Hughcharlesparker,Ronald Reagan,1
Hughcharlesparker,"United States presidential election, 2008",1
Hughey,Saddam Hussein,1
Hughstew,World War II,10
Hughstew,Ronald Reagan,16
Hughstew,World War I,128
Hugo Chavéz,United States,2
Hugo Chesshire,Adolf Hitler,1
Hugo2552,United Kingdom,2
Hugo787,September 11 attacks,1
Hugo999,United States,1
Hugo999,World War I,5
Hugstrees,Global warming,1
Huhsunqu,Christianity,1
Huhsunqu,India,1
Huinyu,Cannabis (drug),1
Hulask,Japan,1
Huldra,Israel,3
Huldra,Osama bin Laden,3
Hulk Smash 80s,Barack Obama,1
Hullaballoo Wolfowitz,The Beatles,2
Hullaballoo Wolfowitz,Osama bin Laden,1
Hullboy07,Harry Potter and the Deathly Hallows,2
Hulleye,India,1
Hullstaker,Tony Blair,1
Hulmey,George W. Bush,1
Hulmey,Star Wars,1
Hult041956,World War II,2
Hult041956,George Washington,3
Hum richard,George Washington,1
Hum55555,The Beatles,1
Huma1509,Islam,1
Human Rights Believer,Saddam Hussein,1
Human diversity,United States,1
Human help,George W. Bush,1
Human historian,South Park,1
HumanFrailty,Paris Hilton,1
HumanZoom,Wii,1
Humanist2006,Muhammad,2
Humanist732,Muhammad,2
Humanity2000,South Park,1
Humanproject,United States,3
Humansdorpie,Osama bin Laden,1
Humble Guy,Xbox 360,1
HumbleGod,Tony Blair,1
HumbleGod,God,1
HumbleGod,Muhammad,2
HumbleGod,Eminem,1
HumbleGod,Islam,1
Humblefool,Jesus,1
Humblefool,Bill Clinton,1
HumeLake,The Beatles,1
HumingBean,The Beatles,1
Hummer1234,George W. Bush,2
Hummercat,Cat,1
Hummerwags7,Adolf Hitler,2
Hummingbirdfrost,RuneScape,2
Humowtiulun,Saddam Hussein,1
Humperdink,George W. Bush,1
Humphrey42,George W. Bush,4
HumphreyW,Michael Jackson,2
HumphreyW,Albert Einstein,1
Humphreys1,Adolf Hitler,1
Humphreys7,PlayStation 3,3
Humphreys7,Barack Obama,3
Humphreys7,Eminem,1
Humphreys7,Wii,1
Humus sapiens,George W. Bush,2
Humus sapiens,Albert Einstein,14
Humus sapiens,Bill Clinton,1
Humus sapiens,Eminem,1
Humus sapiens,God,1
Humus sapiens,Jesus,17
Humus sapiens,Ronald Reagan,1
Humus sapiens,Israel,143
Hundred-Man,Eminem,1
Hungaria777,RuneScape,1
Hungry Hound,United Kingdom,2
HungryGoth,London,2
Hungrypinksquid,PlayStation 3,1
Hungrypinksquid,Jesus,1
Hungupbg,Britney Spears,18
Huniebunie,India,4
Hunit92,Adolf Hitler,1
Hunkaboo,George W. Bush,1
Hunkelberry,Japan,1
Hunt 4 Orange November,God,1
Hunt4840,September 11 attacks,1
HuntClubJoe,Canada,1
Huntelord,RuneScape,1
Hunter Kahn,Michael Jackson,1
Hunter la5,Adolf Hitler,1
Hunter1084,Canada,1
Hunter11,Adolf Hitler,11
Hunter2005,Barack Obama,1
Hunter423sigma,Eminem,1
Hunter771,Jesus,2
Hunter771,50 Cent,2
HunterAmor,Star Wars,1
HunterFallow,Paris Hilton,4
HunterZ,Scientology,1
Hunterfalcon,Barack Obama,1
Huntersquid,50 Cent,2
Huntersquid,Wii,2
Hunterstreet,Paris Hilton,1
Huntley Troth,George W. Bush,1
Huntley Troth,Scientology,1
Huntman92,Xbox 360,1
Huntster,September 11 attacks,1
Huntster,Wii,1
Huntster,Tony Blair,1
Huntster,Star Wars,17
Huntster,Bill Clinton,1
Huon,Muhammad,1
Huon,Global warming,1
Huphelmeyer,United States,1
Hurgymcgurgygurg,PlayStation 3,1
Hurgymcgurgygurg,Wii,1
Hurieydc,Adolf Hitler,1
Hurker,London,2
Hurkeyturkey,Google,1
Hurlfordkillie,United Kingdom,1
Hurmata,Barack Obama,3
HurriSbezu,Wii,1
Hurricane Andrew,The Beatles,1
Hurricane Angel,World War I,1
Hurricane Floyd,George W. Bush,3
Hurricane111,Albert Einstein,2
Hurricane111,Harry Potter,1
Hurricane111,World War II,1
Hurricane111,Jesus,1
Hurricane111,September 11 attacks,1
Hurricane111,Osama bin Laden,1
Hurricane111,PlayStation 3,1
Hurricane111,United States,1
Hurricane111,Canada,2
Hurricane111,Cannabis (drug),10
Hurricane111,Xbox 360,1
Hurricane111,World War I,2
Hurricane111,The Simpsons,1
Hurricane111,Bill Clinton,2
Hurricane111,George W. Bush,2
HurricaneJeanne,Osama bin Laden,1
Hurricanefloyd,United States,1
Hurricanefloyd,Michael Jackson,1
Hurricanefloyd,PlayStation 3,1
Hurricanehink,September 11 attacks,1
Hurricanejeffery,Eminem,1
HurricanesFan5,George W. Bush,1
Hurricaneshady,Eminem,11
Hurricaneshady,50 Cent,1
Hurricanethefox,South Park,1
Hurtstotalktoyou,Cat,1
Hurtstotalktoyou,Jesus,6
Husainweb,Israel,1
Huseyinkeles,Michael Jackson,2
Husker10,PlayStation 3,1
Husky,IPod,14
Husky,London,1
Husky,Star Wars,7
Husky,Bill Gates,3
Husky05,Israel,2
Huslter4,Adolf Hitler,3
Husnock,George Washington,14
Husnock,World War II,7
Husnock,Adolf Hitler,10
Husnock,Ronald Reagan,1
Husnock,Bill Clinton,2
Husnock,Jesus,1
Husond,South Park,4
Husond,Google,2
Husond,Family Guy,6
Husond,United Kingdom,1
Husond,God,1
Husond,Osama bin Laden,1
Husond,September 11 attacks,2
Husond,RuneScape,2
Husond,United States,1
Husond,"United States presidential election, 2008",2
Husond,World War II,2
Husond,IPod,3
Husond,Islam,1
Husond,Japan,10
Husond,India,4
Husond,Cannabis (drug),2
Husond,Barack Obama,2
Husond,Star Wars,2
Husond,London,1
Husond,Eminem,1
Husond,World War I,4
Husond,Xbox 360,2
Husond,Wii,2
Husond,Jesus,1
Husond,Albert Einstein,4
Husond,New York City,1
Husond,Harry Potter,1
Husond,Tony Blair,1
Husond,Muhammad,3
Husond,Global warming,2
Hussain sadiq,Israel,2
HussainAbbas,India,1
HussainAbbas,World War I,1
Hussainjee,Bill Clinton,1
Hussam1987,Israel,5
HussaynKhariq,Muhammad,1
Hussien Al-A'adhamy,Saddam Hussein,1
Hustbust,George W. Bush,1
Hustler4,Adolf Hitler,3
Hustlinweeman,Muhammad,1
Hut 6.5,Japan,1
Hut 6.5,South Park,2
Hut 6.5,The Beatles,1
Hut 8.5,Barack Obama,2
Hut 8.5,Britney Spears,1
Hut 8.5,Adolf Hitler,3
Hut 8.5,Bill Gates,1
Hut 8.5,Tony Blair,1
Hut 8.5,"United States presidential election, 2008",1
Hut 8.5,Michael Jackson,2
Hut 8.5,Bill Clinton,1
Hut 8.5,Albert Einstein,4
Hut 8.5,George W. Bush,2
Hut 8.5,Ronald Reagan,1
Hut 8.5,RuneScape,1
Hut 8.5,India,1
Hut 8.5,September 11 attacks,12
Hut 8.5,United States,1
Hut 8.5,Japan,3
Hut 8.5,World War I,1
Hut 8.5,Muhammad,16
Hut 8.5,Eminem,2
Hut 8.5,God,1
Hut 8.5,New York City,1
Hut 8.5,Cannabis (drug),3
Hut 8.5,Jesus,1
Hut 8.5,Star Wars,2
Hut 8.5,Xbox 360,1
Hut 8.5,IPod,2
Hut 8.5,London,1
Hut 8.5,United Kingdom,6
Hut 8.5,Global warming,1
HuuhManFui,Barack Obama,1
HuuhManFui,United States,1
HuuhManFui,George W. Bush,1
Huute,Britney Spears,1
Huvt,Jesus,1
Huvt,Tony Blair,1
Huw Moore,50 Cent,1
Huw Powell,South Park,1
Huwr,IPod,10
Hux,World War I,3
Hux,Harry Potter,3
Hux,Barack Obama,4
Huy78,United Kingdom,2
Huysman,50 Cent,1
Huysman,Michael Jackson,1
Huzzahmaster018,United States,1
Huzzahmaster018,Harry Potter,2
Huzzlet the bot,Israel,1
Huzzy,Osama bin Laden,1
Hvalross,Paris Hilton,11
Hve,Albert Einstein,1
Hvn0413,Adolf Hitler,1
Hvn0413,Michael Jackson,1
Hvn0413,Israel,2
Hvn0413,Japan,1
Hvn0413,Google,2
Hvn0413,New York City,1
Hvn0413,Harry Potter,1
Hvn0413,United Kingdom,1
Hvn0413,Harry Potter and the Deathly Hallows,1
Hvn0413,Islam,1
Hwalkeradams,Tony Blair,2
HweeWieng,Wii,1
HweeWieng,Xbox 360,1
HweeWieng,PlayStation 3,12
Hwhater614,Eminem,3
Hwin the Horse,Star Wars,4
Hwspringall,September 11 attacks,1
Hxasmirl,Osama bin Laden,2
Hxclauren,Albert Einstein,2
Hxcpenguin728,Christianity,3
Hxhbot,Britney Spears,1
Hxseek,World War I,2
HyDeckar,Christianity,15
Hyacinth,Eminem,2
Hyacinth,50 Cent,1
Hyacinth,Scientology,7
Hyacinth,London,1
Hyacinth,Cannabis (drug),2
Hyad,Google,2
Hyad,Global warming,1
Hyad,PlayStation 3,1
Hyad,Wii,9
Hyad,Family Guy,2
Hyad,Xbox 360,5
Hyad,India,1
Hyad,Albert Einstein,3
Hyad,Bill Gates,2
Hybee,IPod,1
Hybrid1486,Barack Obama,1
Hybrid3000,Barack Obama,1
HybridBoy,Global warming,38
HybridFlare,PlayStation 3,6
Hybridius,George W. Bush,1
Hybridtheory7,Eminem,3
Hydkat,India,2
Hydman,United Kingdom,1
Hydnjo,Google,1
Hydnjo,Star Wars,1
Hydnjo,IPod,6
Hydrargyrum,Cat,1
Hydrargyrum,Britney Spears,1
Hydrargyrum,Michael Jackson,3
Hydrargyrum,Albert Einstein,3
Hydraton31,Cat,1
Hydrazerg,Michael Jackson,1
Hydriotaphia,Israel,1
Hydriotaphia,Albert Einstein,1
Hydriotaphia,World War II,3
Hydro2,Harry Potter,1
Hydrogen Iodide,New York City,3
Hydrogen Iodide,IPod,1
Hydrogen Iodide,United States,1
Hydrogen Iodide,London,2
Hydrogen Iodide,Star Wars,1
Hydrogen Iodide,Cat,1
Hydrogen Iodide,PlayStation 3,1
Hydrogen Iodide,Family Guy,4
Hydrogen Iodide,Harry Potter,2
Hydrogen Iodide,Albert Einstein,3
Hydrostatic,Wii,1
Hydrox,Barack Obama,3
Hydrox,September 11 attacks,1
Hyenaste,RuneScape,226
Hyfen,New York City,1
Hyfzyz,Eminem,1
Hygraed,George Washington,1
Hyins,Barack Obama,1
Hyland-Like,Adolf Hitler,1
Hylaride,Canada,7
Hylian pirate,PlayStation 3,4
Hynamka,Christianity,2
Hynca-Hooley,Jesus,1
Hynca-Hooley,Tony Blair,1
Hynca-Hooley,Britney Spears,1
Hynca-Hooley,Michael Jackson,6
Hynkel,Barack Obama,1
Hynski,RuneScape,13
Hypathia,United States,14
Hype-TDB,Tony Blair,1
HyperCapitalist,Barack Obama,3
HyperCapitalist,Google,1
HyperHyperMan,Adolf Hitler,1
HyperScooter,Harry Potter,2
Hyperanime11,Michael Jackson,1
Hyperbole,Britney Spears,5
Hyperbole,George Washington,1
Hyperbole,Eminem,1
Hyperboreer,Albert Einstein,1
Hyperboreios,New York City,3
Hyperbunny,Saddam Hussein,1
Hypercube,Family Guy,2
Hyperdaiper7,World War II,2
Hyperdimensionalentity,Britney Spears,1
Hypereides,September 11 attacks,1
Hyperexcel,Cat,4
Hyperfried,IPod,1
Hyperfusion,50 Cent,1
Hyperfusion,RuneScape,1
Hypergene,George W. Bush,1
Hyperhullo06,PlayStation 3,1
Hyperionsteel,Canada,2
Hyperkraz,Barack Obama,2
Hyperlink,PlayStation 3,1
Hypermkt,Japan,1
Hypernick1980,South Park,1
Hyperpasta,Wii,1
Hyperqube,God,1
Hyperscope,United States,1
Hyperscope,PlayStation 3,1
Hyperscope,Xbox 360,1
Hyperspacey,PlayStation 3,4
Hypertails,Wii,1
Hyphoria,Global warming,1
Hyphz,Harry Potter and the Deathly Hallows,12
Hypnometal,"United States presidential election, 2008",1
Hypnometal,Osama bin Laden,1
Hypnometal,The Simpsons,1
Hypnometal,Wii,1
Hypnosadist,Osama bin Laden,1
Hypnotist (usurped),Global warming,2
Hypo,PlayStation 3,2
Hypo,Bill Clinton,1
Hypo,50 Cent,3
Hypo Mix,Cannabis (drug),4
Hypo11,Harry Potter and the Deathly Hallows,1
Hypo11,IPod,2
Hypokritical,George W. Bush,4
Hyrule,Eminem,1
Hysteria18,Barack Obama,2
Hysteria18,RuneScape,1
Hysteria18,"United States presidential election, 2008",9
Hysteria2424,Eminem,4
Hysteria2424,Barack Obama,2
Hysteron,George W. Bush,4
Hystlen Caeth,United States,3
Hystlen Caeth,Bill Gates,1
Hytham123,George W. Bush,1
Hyung5kim,World War II,1
Hyunsugeo,Japan,2
Hyyttaa,Japan,1
Hyyttaa,Canada,1
Hyyttaa,New York City,1
Hyzercreek,The Beatles,3
Hza100,Bill Gates,4
Hza100,RuneScape,1
Hzhuk,Harry Potter,1
Hæþcyn,Britney Spears,1
Héous,United States,1
